,Date,Open,High,Low,Close,Adj Close,Volume,daily_return
0,2020-09-18,10.25,10.25,9.81999969482422,9.890000343322754,9.890000343322754,564300,
1,2020-09-21,9.899999618530272,9.960000038146973,9.859999656677246,9.859999656677246,9.859999656677246,762800,-0.003033436360370123
2,2020-09-22,9.960000038146973,9.960000038146973,9.850000381469728,9.880000114440918,9.880000114440918,1280800,0.0020284440628888234
3,2020-09-23,9.899999618530272,9.904999732971191,9.789999961853027,9.850000381469728,9.850000381469728,192600,-0.0030364101845850033
4,2020-09-24,9.850000381469728,9.850000381469728,9.75,9.770000457763672,9.770000457763672,605500,-0.008121819351048498
5,2020-09-25,9.770000457763672,9.850000381469728,9.770000457763672,9.8100004196167,9.8100004196167,692500,0.004094161717386857
6,2020-09-28,9.899999618530272,9.9399995803833,9.829999923706056,9.829999923706056,9.829999923706056,72300,0.002038685344943003
7,2020-09-29,9.880000114440918,9.880000114440918,9.760000228881836,9.779999732971191,9.779999732971191,189600,-0.005086489432648333
8,2020-09-30,9.850000381469728,9.850000381469728,9.770000457763672,9.779999732971191,9.779999732971191,546200,0.0
9,2020-10-01,9.850000381469728,9.850000381469728,9.739999771118164,9.760000228881836,9.760000228881836,1068500,-0.002044939124275391
10,2020-10-02,9.729999542236328,9.800000190734863,9.729999542236328,9.739999771118164,9.739999771118164,3925700,-0.002049227181827984
11,2020-10-05,9.800000190734863,9.800000190734863,9.6899995803833,9.710000038146973,9.710000038146973,3148000,-0.0030800547922135157
12,2020-10-06,9.739999771118164,9.75,9.670000076293944,9.68000030517578,9.68000030517578,1902400,-0.003089570839684419
13,2020-10-07,9.720000267028809,9.75,9.670000076293944,9.710000038146973,9.710000038146973,1325400,0.003099145870393505
14,2020-10-08,9.699999809265137,9.75,9.699999809265137,9.717000007629396,9.717000007629396,550300,0.0007209031364494578
15,2020-10-09,9.760000228881836,9.770000457763672,9.722000122070312,9.75,9.75,2401500,0.0033961091226399898
16,2020-10-12,9.81999969482422,9.81999969482422,9.729999542236328,9.729999542236328,9.729999542236328,172300,-0.002051329001402258
17,2020-10-13,9.850000381469728,9.850000381469728,9.670000076293944,9.699999809265137,9.699999809265137,1623900,-0.003083220388754082
18,2020-10-14,9.75,9.770000457763672,9.68000030517578,9.68000030517578,9.68000030517578,2177900,-0.002061804585836602
19,2020-10-15,9.670000076293944,9.720000267028809,9.649999618530272,9.68000030517578,9.68000030517578,348000,0.0
20,2020-10-16,9.6899995803833,9.704999923706056,9.670000076293944,9.68000030517578,9.68000030517578,305000,0.0
21,2020-10-19,9.710000038146973,9.729999542236328,9.677000045776367,9.68000030517578,9.68000030517578,348700,0.0
22,2020-10-20,9.710000038146973,9.739999771118164,9.670000076293944,9.670000076293944,9.670000076293944,78200,-0.001033081463488017
23,2020-10-21,9.729999542236328,9.729999542236328,9.649999618530272,9.65999984741211,9.65999984741211,292300,-0.0010341498245020064
24,2020-10-22,9.65999984741211,9.670000076293944,9.630000114440918,9.649999618530272,9.649999618530272,1441900,-0.0010352203974948182
25,2020-10-23,9.649999618530272,9.699999809265137,9.630000114440918,9.630000114440918,9.630000114440918,2067800,-0.002072487552325919
26,2020-10-26,9.649999618530272,9.65999984741211,9.640000343322754,9.649999618530272,9.649999618530272,2394800,0.002076791677225742
27,2020-10-27,9.649999618530272,9.699999809265137,9.640000343322754,9.649999618530272,9.649999618530272,304100,0.0
28,2020-10-28,9.739999771118164,9.739999771118164,9.630000114440918,9.649999618530272,9.649999618530272,1571500,0.0
29,2020-10-29,9.65999984741211,9.699999809265137,9.619999885559082,9.649999618530272,9.649999618530272,1652900,0.0
30,2020-10-30,9.649999618530272,9.6899995803833,9.600000381469728,9.630000114440918,9.630000114440918,1154300,-0.002072487552325919
31,2020-11-02,9.630000114440918,9.640000343322754,9.600000381469728,9.630000114440918,9.630000114440918,716700,0.0
32,2020-11-03,9.630000114440918,9.699999809265137,9.619999885559082,9.6899995803833,9.6899995803833,189800,0.00623047406327748
33,2020-11-04,9.699999809265137,9.729999542236328,9.68000030517578,9.6899995803833,9.6899995803833,509800,0.0
34,2020-11-05,9.760000228881836,9.779999732971191,9.729999542236328,9.770000457763672,9.770000457763672,1534500,0.008256024854978117
35,2020-11-06,9.789999961853027,9.789999961853027,9.720000267028809,9.720000267028809,9.720000267028809,1444000,-0.0051177265498622004
36,2020-11-09,9.699999809265137,9.725000381469728,9.65999984741211,9.670000076293944,9.670000076293944,163500,-0.005144052403421306
37,2020-11-10,9.65999984741211,9.800000190734863,9.65999984741211,9.699999809265137,9.699999809265137,714700,0.0031023508515515275
38,2020-11-11,9.6899995803833,9.739999771118164,9.65999984741211,9.68000030517578,9.68000030517578,724500,-0.002061804585836602
39,2020-11-12,9.670000076293944,9.720000267028809,9.670000076293944,9.699999809265137,9.699999809265137,1502000,0.002066064406905488
40,2020-11-13,9.739999771118164,9.739999771118164,9.6899995803833,9.6899995803833,9.6899995803833,754800,-0.001030951451389095
41,2020-11-16,9.699999809265137,9.729999542236328,9.6850004196167,9.699999809265137,9.699999809265137,151300,0.0010320154091729705
42,2020-11-17,9.720000267028809,9.720000267028809,9.6899995803833,9.710000038146973,9.710000038146973,46000,0.001030951451389095
43,2020-11-18,9.739999771118164,9.739999771118164,9.670000076293944,9.739999771118164,9.739999771118164,301700,0.003089570839684308
44,2020-11-19,9.75,9.800000190734863,9.699999809265137,9.720000267028809,9.720000267028809,44500,-0.002053337223750229
45,2020-11-20,9.710000038146973,9.734999656677246,9.6899995803833,9.710000038146973,9.710000038146973,995900,-0.0010288301036119885
46,2020-11-23,9.789999961853027,9.789999961853027,9.710000038146973,9.75,9.75,134400,0.0041194605248076055
47,2020-11-24,9.779999732971191,9.779999732971191,9.699999809265137,9.760000228881836,9.760000228881836,57200,0.0010256645007011844
48,2020-11-25,9.760000228881836,9.765999794006348,9.699999809265137,9.760000228881836,9.760000228881836,1332400,0.0
49,2020-11-27,9.800000190734863,9.850000381469728,9.770000457763672,9.829999923706056,9.829999923706056,416200,0.007172099711337809
50,2020-11-30,9.880000114440918,9.899999618530272,9.826000213623049,9.880000114440918,9.880000114440918,1623700,0.005086489432647889
51,2020-12-01,9.869999885559082,9.880000114440918,9.81999969482422,9.880000114440918,9.880000114440918,1394300,0.0
52,2020-12-02,9.880000114440918,9.885000228881836,9.84000015258789,9.869999885559082,9.869999885559082,1441000,-0.0010121689034415793
53,2020-12-03,9.880000114440918,9.880000114440918,9.859999656677246,9.869999885559082,9.869999885559082,513200,0.0
54,2020-12-04,9.880000114440918,9.890000343322754,9.859999656677246,9.880000114440918,9.880000114440918,405400,0.001013194427333941
55,2020-12-07,9.880000114440918,9.979999542236328,9.869999885559082,9.9399995803833,9.9399995803833,2085300,0.006072820369170451
56,2020-12-08,9.9399995803833,9.979999542236328,9.829999923706056,9.859999656677246,9.859999656677246,2296400,-0.008048282402741247
57,2020-12-09,9.890000343322754,9.970000267028809,9.84000015258789,9.920000076293944,9.920000076293944,3394300,0.006085235467129468
58,2020-12-10,9.93000030517578,9.93000030517578,9.880000114440918,9.90999984741211,9.90999984741211,7606800,-0.0010080875811414591
59,2020-12-11,9.960000038146973,9.960000038146973,9.90999984741211,9.9399995803833,9.9399995803833,900000,0.0030272183080835013
60,2020-12-14,9.960000038146973,9.979999542236328,9.9399995803833,9.979999542236328,9.979999542236328,1982500,0.0040241412013706235
61,2020-12-15,9.970000267028809,10.029999732971191,9.899999618530272,9.970000267028809,9.970000267028809,1162400,-0.0010019314294756887
62,2020-12-16,9.949999809265137,10.0,9.9399995803833,9.94499969482422,9.94499969482422,1191600,-0.002507579893178735
63,2020-12-17,9.979999542236328,10.0,9.94499969482422,9.970000267028809,9.970000267028809,1483600,0.002513883657291549
64,2020-12-18,9.979999542236328,9.979999542236328,9.949999809265137,9.960000038146973,9.960000038146973,869000,-0.001003031957271583
65,2020-12-21,9.979999542236328,10.0,9.960000038146973,9.970000267028809,9.970000267028809,532800,0.001004039040515492
66,2020-12-22,10.029999732971191,10.029999732971191,9.970000267028809,10.0,10.0,755600,0.003009000217422342
67,2020-12-23,10.029999732971191,10.029999732971191,9.994999885559082,10.029999732971191,10.029999732971191,2353700,0.002999973297119096
68,2020-12-24,10.079999923706056,10.100000381469728,10.010000228881836,10.039999961853027,10.039999961853027,2093000,0.0009970318193490701
69,2020-12-28,10.109999656677246,10.18000030517578,10.039999961853027,10.079999923706056,10.079999923706056,4067900,0.003984059960658204
70,2020-12-29,10.100000381469728,10.109999656677246,10.029999732971191,10.0600004196167,10.0600004196167,1784600,-0.001984077801659767
71,2020-12-30,10.039999961853027,10.079999923706056,10.020000457763672,10.06999969482422,10.06999969482422,3152700,0.0009939636968625543
72,2020-12-31,10.06999969482422,10.06999969482422,10.010000228881836,10.010000228881836,10.010000228881836,1266200,-0.005958239102353047
73,2021-01-04,10.029999732971191,10.079999923706056,10.020000457763672,10.039999961853027,10.039999961853027,1172700,0.002996976252271466
74,2021-01-05,10.039999961853027,10.039999961853027,10.0,10.020000457763672,10.020000457763672,685700,-0.001991982486588051
75,2021-01-06,10.0,10.020000457763672,10.0,10.010000228881836,10.010000228881836,636600,-0.0009980267889196925
76,2021-01-07,10.0,10.039999961853027,10.0,10.029999732971191,10.029999732971191,1075500,0.001997952410795145
77,2021-01-08,10.050000190734863,10.050000190734863,10.020000457763672,10.029999732971191,10.029999732971191,738200,0.0
78,2021-01-11,10.050000190734863,14.0,10.029999732971191,13.199999809265137,13.199999809265137,108167500,0.3160518604874274
79,2021-01-12,14.989999771118164,15.630000114440918,13.0,14.149999618530272,14.149999618530272,112100500,0.07196968356001987
80,2021-01-13,15.100000381469728,17.1200008392334,14.5,16.719999313354492,16.719999313354492,94091500,0.1816254250253584
81,2021-01-14,18.709999084472656,20.13999938964844,16.100000381469727,17.360000610351562,17.360000610351562,140983000,0.03827759110527551
82,2021-01-15,17.809999465942383,21.0,16.200000762939453,18.36000061035156,18.36000061035156,184854200,0.057603684610685324
83,2021-01-19,18.049999237060547,18.690000534057617,17.5,17.899999618530273,17.899999618530273,68336400,-0.02505451941880288
84,2021-01-20,18.350000381469727,18.729999542236328,17.799999237060547,18.059999465942383,18.059999465942383,27627700,0.008938539152060887
85,2021-01-21,18.09000015258789,18.25,17.110000610351562,17.809999465942383,17.809999465942383,23590500,-0.013842746810233897
86,2021-01-22,18.489999771118164,22.670000076293945,18.0,22.350000381469727,22.350000381469727,94164500,0.2549130292906001
87,2021-01-25,26.770000457763672,27.299999237060547,18.549999237060547,24.950000762939453,24.950000762939453,117369700,0.11633111127932572
88,2021-01-26,24.3700008392334,24.65999984741211,22.3700008392334,24.440000534057617,24.440000534057617,41562200,-0.020440890312091176
89,2021-01-27,21.290000915527344,23.32999992370605,20.450000762939453,21.149999618530277,21.149999618530277,44960800,-0.13461541913399955
90,2021-01-28,21.34000015258789,22.8799991607666,20.01000022888184,22.32999992370605,22.32999992370605,33334100,0.05579197761034149
91,2021-01-29,21.700000762939453,24.350000381469727,21.209999084472656,22.8799991607666,22.8799991607666,34280400,0.024630507789507705
92,2021-02-01,23.63999938964844,25.96999931335449,22.729999542236328,25.200000762939453,25.200000762939453,43231900,0.10139867514291989
93,2021-02-02,27.979999542236328,35.18000030517578,26.459999084472656,32.13999938964844,32.13999938964844,100196700,0.27539676256340995
94,2021-02-03,32.349998474121094,34.5,27.575000762939453,29.489999771118164,29.489999771118164,85281200,-0.08245176318776715
95,2021-02-04,29.0,31.450000762939453,26.1299991607666,30.21999931335449,30.21999931335449,45385200,0.024754138619942356
96,2021-02-05,30.899999618530277,36.0,30.700000762939453,34.650001525878906,34.650001525878906,66665300,0.14659173769626
97,2021-02-08,34.16999816894531,34.97999954223633,30.299999237060547,32.880001068115234,32.880001068115234,35684300,-0.05108226204381894
98,2021-02-09,31.700000762939453,33.689998626708984,30.21999931335449,33.310001373291016,33.310001373291016,28973300,0.013077867737442572
99,2021-02-10,32.0,34.4900016784668,30.0,32.869998931884766,32.869998931884766,33355500,-0.013209319221435312
100,2021-02-11,32.25,33.15999984741211,31.200000762939453,31.5,31.5,26350000,-0.04167931172507067
101,2021-02-12,35.040000915527344,41.369998931884766,33.5099983215332,39.97999954223633,39.97999954223633,69175900,0.2692063346741691
102,2021-02-16,38.27000045776367,55.0,36.52000045776367,52.70000076293945,52.70000076293945,96883400,0.318159113715478
103,2021-02-17,54.66999816894531,59.5,50.29999923706055,56.22999954223633,56.22999954223633,63907700,0.06698289806817792
104,2021-02-18,55.810001373291016,64.86000061035156,55.54999923706055,58.04999923706055,58.04999923706055,76982700,0.03236705868114331
105,2021-02-19,60.09000015258789,61.970001220703125,50.31999969482422,52.93999862670898,52.93999862670898,59997900,-0.08802757411733464
106,2021-02-22,62.869998931884766,63.20000076293945,56.08000183105469,57.369998931884766,57.369998931884766,88152900,0.08367964526052685
107,2021-02-23,35.02000045776367,43.93999862670898,30.0,35.209999084472656,35.209999084472656,190447900,-0.3862646027538298
108,2021-02-24,35.63999938964844,35.720001220703125,27.850000381469727,28.700000762939453,28.700000762939453,142471900,-0.18489061320095468
109,2021-02-25,29.709999084472656,32.380001068115234,26.709999084472656,27.81999969482422,27.81999969482422,82266000,-0.030662057307384694
110,2021-02-26,31.25,32.52000045776367,28.5,30.75,30.75,68871000,0.10531992585610617
111,2021-03-01,32.4900016784668,32.540000915527344,29.82999992370605,30.6299991607666,30.6299991607666,42153800,-0.0039024663165332374
112,2021-03-02,30.0,30.38999938964844,26.559999465942383,27.770000457763672,27.770000457763672,35676700,-0.0933724708248197
113,2021-03-03,27.649999618530277,27.96999931335449,23.93000030517578,24.200000762939453,24.200000762939453,43884200,-0.12855598257025425
114,2021-03-04,23.88999938964844,25.540000915527344,21.434999465942383,24.34000015258789,24.34000015258789,62235600,0.005785098563419799
115,2021-03-05,24.520000457763672,25.18000030517578,20.399999618530277,24.399999618530277,24.399999618530277,53893400,0.0024650561037899976
116,2021-03-08,24.34000015258789,25.18000030517578,22.0,22.09000015258789,22.09000015258789,29814500,-0.09467211074003812
117,2021-03-09,23.26000022888184,25.0,22.799999237060547,24.459999084472656,24.459999084472656,31214900,0.10728831668238414
118,2021-03-10,25.104999542236328,27.26000022888184,24.309999465942383,24.700000762939453,24.700000762939453,32947400,0.009812006845869137
119,2021-03-11,25.790000915527344,27.18000030517578,25.309999465942383,26.84000015258789,26.84000015258789,24459400,0.08663964872662477
120,2021-03-12,25.5,27.989999771118164,25.100000381469727,26.770000457763672,26.770000457763672,20225400,-0.0026080363050023925
121,2021-03-15,27.459999084472656,28.799999237060547,27.030000686645508,28.690000534057617,28.690000534057617,23939800,0.07172207857535229
122,2021-03-16,31.059999465942383,32.970001220703125,29.200000762939453,31.100000381469727,31.100000381469727,67588700,0.08400138733184126
123,2021-03-17,29.690000534057617,30.68000030517578,28.149999618530277,29.5,29.5,40917100,-0.05144695697248458
124,2021-03-18,28.799999237060547,29.420000076293945,26.799999237060547,26.899999618530277,26.899999618530277,22129300,-0.08813560615151605
125,2021-03-19,26.6200008392334,27.450000762939453,25.790000915527344,26.8799991607666,26.8799991607666,19575400,-0.0007435114515725871
126,2021-03-22,27.479999542236328,27.6299991607666,26.020000457763672,26.149999618530277,26.149999618530277,16147200,-0.027157721913243726
127,2021-03-23,26.149999618530277,26.21999931335449,23.75,24.049999237060547,24.049999237060547,23012600,-0.08030594310149197
128,2021-03-24,24.450000762939453,24.479999542236328,22.239999771118164,22.559999465942383,22.559999465942383,24048700,-0.06195425440272384
129,2021-03-25,21.709999084472656,24.239999771118164,21.020000457763672,24.030000686645508,24.030000686645508,30779800,0.06515963011977499
130,2021-03-26,23.059999465942383,23.920000076293945,22.06999969482422,23.020000457763672,23.020000457763672,18171700,-0.042030803163611075
131,2021-03-29,22.8799991607666,22.959999084472656,21.350000381469727,21.350000381469727,21.350000381469727,21663600,-0.07254561438250207
132,2021-03-30,21.18000030517578,23.649999618530277,21.06999969482422,23.51000022888184,23.51000022888184,18201200,0.10117095123271458
133,2021-03-31,24.059999465942383,24.22800064086914,22.780000686645508,23.18000030517578,23.18000030517578,15298900,-0.014036576796824352
134,2021-04-01,24.25,24.46999931335449,23.209999084472656,23.780000686645508,23.780000686645508,12839800,0.02588439920493668
135,2021-04-05,24.549999237060547,24.61000061035156,23.0,23.0,23.0,13238200,-0.03280070076211328
136,2021-04-06,23.049999237060547,24.959999084472656,23.020000457763672,24.459999084472656,24.459999084472656,19840000,0.06347822106402856
137,2021-04-07,24.11000061035156,24.46999931335449,22.700000762939453,22.81999969482422,22.81999969482422,15341900,-0.06704821958433838
138,2021-04-08,23.059999465942383,23.3700008392334,22.65999984741211,23.15999984741211,23.15999984741211,7922300,0.014899218104065248
139,2021-04-09,22.979999542236328,23.34000015258789,22.76000022888184,22.96999931335449,22.96999931335449,7636400,-0.008203822768109825
140,2021-04-12,22.93000030517578,23.450000762939453,21.770000457763672,22.030000686645508,22.030000686645508,10594100,-0.040922884406116466
141,2021-04-13,21.959999084472656,22.71999931335449,21.56999969482422,22.09000015258789,22.09000015258789,16121600,0.002723534456299692
142,2021-04-14,22.020000457763672,22.25,21.540000915527344,21.729999542236328,21.729999542236328,11900800,-0.016296994471020287
143,2021-04-15,21.82999992370605,22.100000381469727,19.81999969482422,20.1200008392334,20.1200008392334,25602200,-0.07409106014354006
144,2021-04-16,20.06999969482422,20.5,19.25,19.520000457763672,19.520000457763672,17044000,-0.029821091274496614
145,2021-04-19,19.8700008392334,20.32999992370605,18.68000030517578,19.540000915527344,19.540000915527344,19552400,0.001024613590913992
146,2021-04-20,19.520000457763672,19.71999931335449,18.309999465942383,18.450000762939453,18.450000762939453,18227300,-0.05578301440721678
147,2021-04-21,18.299999237060547,19.88999938964844,17.6200008392334,19.88999938964844,19.88999938964844,22545200,0.07804870282723875
148,2021-04-22,20.200000762939453,20.649999618530277,18.899999618530277,19.65999984741211,19.65999984741211,17422600,-0.011563577138973269
149,2021-04-23,19.700000762939453,20.729999542236328,19.61000061035156,20.549999237060547,20.549999237060547,13232800,0.045269552215464026
150,2021-04-26,20.670000076293945,24.290000915527344,20.40999984741211,23.8700008392334,23.8700008392334,55779500,0.16155726157816352
151,2021-04-27,24.06999969482422,24.32999992370605,22.5,22.739999771118164,22.739999771118164,18122300,-0.04733980009996197
152,2021-04-28,22.549999237060547,24.239999771118164,22.100000381469727,23.040000915527344,23.040000915527344,19167600,0.013192662595810978
153,2021-04-29,23.290000915527344,23.38999938964844,21.530000686645508,22.06999969482422,22.06999969482422,11527100,-0.0421007457534176
154,2021-04-30,21.350000381469727,22.030000686645508,21.09000015258789,21.09000015258789,21.09000015258789,10569700,-0.04440414842715901
155,2021-05-03,21.190000534057617,21.190000534057617,19.8799991607666,19.90999984741211,19.90999984741211,13445700,-0.05595070159499205
156,2021-05-04,19.59000015258789,19.84000015258789,18.950000762939453,19.170000076293945,19.170000076293945,12509800,-0.03716724142588823
157,2021-05-05,19.68000030517578,19.979999542236328,19.1200008392334,19.18000030517578,19.18000030517578,4697400,0.0005216603464808234
158,2021-05-06,19.18000030517578,19.350000381469727,18.57999992370605,18.959999084472656,18.959999084472656,10453500,-0.011470345005352156
159,2021-05-07,19.049999237060547,19.71999931335449,18.75,19.280000686645508,19.280000686645508,14552700,0.016877722448569
160,2021-05-10,19.540000915527344,19.56999969482422,18.6299991607666,18.63999938964844,18.63999938964844,9802700,-0.03319508683629713
161,2021-05-11,17.690000534057617,18.899999618530277,17.399999618530273,18.600000381469727,18.600000381469727,14343000,-0.002145869607749429
162,2021-05-12,18.25,18.540000915527344,17.75,17.799999237060547,17.799999237060547,7991200,-0.04301081333343315
163,2021-05-13,17.899999618530273,18.86000061035156,17.25,17.25,17.25,13384700,-0.030898834867105984
164,2021-05-14,17.760000228881836,18.15999984741211,17.510000228881836,17.940000534057617,17.940000534057617,6623200,0.04000003095986182
165,2021-05-17,18.229999542236328,18.709999084472656,18.030000686645508,18.309999465942383,18.309999465942383,6347900,0.02062424308083788
166,2021-05-18,18.690000534057617,19.670000076293945,18.520000457763672,19.3799991607666,19.3799991607666,11575500,0.058437997052620316
167,2021-05-19,18.90999984741211,19.049999237060547,18.61000061035156,18.96999931335449,18.96999931335449,6402800,-0.021155823796015882
168,2021-05-20,19.170000076293945,20.049999237060547,19.149999618530277,19.790000915527344,19.790000915527344,7769800,0.043226232570055645
169,2021-05-21,20.170000076293945,20.3700008392334,19.507999420166016,19.809999465942383,19.809999465942383,6881500,0.0010105381248035616
170,2021-05-24,20.149999618530277,20.18000030517578,19.32999992370605,19.399999618530277,19.399999618530277,6796200,-0.020696610725153386
171,2021-05-25,19.600000381469727,20.57999992370605,19.1299991607666,20.280000686645508,20.280000686645508,15197400,0.04536088069170274
172,2021-05-26,20.25,21.100000381469727,19.711000442504883,19.989999771118164,19.989999771118164,15699600,-0.014299847421519574
173,2021-05-27,20.18000030517578,20.190000534057617,19.450000762939453,19.8799991607666,19.8799991607666,7189000,-0.005502781971538195
174,2021-05-28,19.549999237060547,20.170000076293945,19.5,19.71999931335449,19.71999931335449,6933300,-0.008048282402741469
175,2021-06-01,20.0,22.40999984741211,19.780000686645508,21.559999465942383,21.559999465942383,22530400,0.09330629901907939
176,2021-06-02,22.049999237060547,23.6299991607666,21.63500022888184,23.559999465942383,23.559999465942383,21110800,0.09276438077650861
177,2021-06-03,23.25,24.59000015258789,22.01000022888184,22.959999084472656,22.959999084472656,18875700,-0.02546690980774724
178,2021-06-04,24.06999969482422,24.32999992370605,23.3799991607666,23.950000762939453,23.950000762939453,12911200,0.043118541722256154
179,2021-06-07,24.799999237060547,26.540000915527344,24.309999465942383,26.5,26.5,23162400,0.1064717810367024
180,2021-06-08,27.299999237060547,27.8799991607666,24.700000762939453,26.63999938964844,26.63999938964844,22753900,0.005282995835790283
181,2021-06-09,26.8799991607666,27.399999618530277,26.149999618530277,26.489999771118164,26.489999771118164,13900200,-0.005630616440200131
182,2021-06-10,26.46999931335449,26.479999542236328,24.559999465942383,25.3799991607666,25.3799991607666,11300500,-0.04190262815939272
183,2021-06-11,25.600000381469727,25.600000381469727,24.700000762939453,25.13999938964844,25.13999938964844,7269000,-0.009456256069904079
184,2021-06-14,25.15999984741211,25.15999984741211,24.01000022888184,24.1200008392334,24.1200008392334,7687900,-0.040572735687298134
185,2021-06-15,23.989999771118164,24.030000686645508,22.549999237060547,22.61000061035156,22.61000061035156,11218600,-0.06260365573560367
186,2021-06-16,22.190000534057617,24.100000381469727,22.049999237060547,24.040000915527344,24.040000915527344,9957100,0.06324636296210828
187,2021-06-17,23.440000534057617,24.35400009155273,23.32999992370605,23.549999237060547,23.549999237060547,6906000,-0.02038276455099075
188,2021-06-18,23.25,23.82999992370605,23.18000030517578,23.399999618530277,23.399999618530277,4621300,-0.006369410759649474
189,2021-06-21,23.700000762939453,23.709999084472656,22.75,22.959999084472656,22.959999084472656,4965600,-0.018803441932930154
190,2021-06-22,23.020000457763672,23.600000381469727,22.450000762939453,23.420000076293945,23.420000076293945,5874100,0.020034887202255103
191,2021-06-23,23.790000915527344,25.100000381469727,23.31999969482422,25.059999465942383,25.059999465942383,13373000,0.07002559283970577
192,2021-06-24,25.59000015258789,26.280000686645508,24.799999237060547,24.850000381469727,24.850000381469727,14444600,-0.008379851913327241
193,2021-06-25,25.700000762939453,25.950000762939453,25.01000022888184,25.18000030517578,25.18000030517578,11453400,0.013279674794376639
194,2021-06-28,26.229999542236328,27.3799991607666,26.024999618530277,27.0,27.0,18705900,0.072279573978008
195,2021-06-29,27.34000015258789,27.399999618530277,26.21999931335449,26.31999969482422,26.31999969482422,8562800,-0.02518519648799189
196,2021-06-30,26.200000762939453,28.950000762939453,25.68000030517578,28.81999969482422,28.81999969482422,19647200,0.09498480353294303
197,2021-07-01,28.989999771118164,29.809999465942383,27.40999984741211,27.71999931335449,27.71999931335449,18459200,-0.0381679525717441
198,2021-07-02,28.1200008392334,28.190000534057617,26.68000030517578,27.020000457763672,27.020000457763672,9188900,-0.02525248459344598
199,2021-07-06,27.5,28.0,26.350000381469727,26.3799991607666,26.3799991607666,9302800,-0.02368620600127258
200,2021-07-07,26.520000457763672,26.88999938964844,24.761999130249023,25.520000457763672,25.520000457763672,9286400,-0.032600406761269185
201,2021-07-08,23.989999771118164,25.549999237060547,23.540000915527344,24.959999084472656,24.959999084472656,9235800,-0.02194362708644282
202,2021-07-09,25.34000015258789,26.3700008392334,25.239999771118164,25.549999237060547,25.549999237060547,7230200,0.02363782749314769
203,2021-07-12,25.90999984741211,27.399999618530277,25.709999084472656,26.850000381469727,26.850000381469727,12657400,0.05088067253338746
204,2021-07-13,26.530000686645508,27.11000061035156,25.770000457763672,25.90999984741211,25.90999984741211,8561500,-0.03500933037998577
205,2021-07-14,25.399999618530277,25.700000762939453,23.770000457763672,23.790000915527344,23.790000915527344,12667100,-0.08182164972480732
206,2021-07-15,24.0,24.32999992370605,22.559999465942383,22.959999084472656,22.959999084472656,10345300,-0.034888684283864824
207,2021-07-16,23.399999618530277,23.850000381469727,22.299999237060547,22.790000915527344,22.790000915527344,8912900,-0.007404101730138057
208,2021-07-19,21.989999771118164,22.65999984741211,20.899999618530277,22.200000762939453,22.200000762939453,10564400,-0.02588855326398476
209,2021-07-20,22.809999465942383,24.739999771118164,22.149999618530277,24.280000686645508,24.280000686645508,12194500,0.09369368703709213
210,2021-07-21,24.479999542236328,24.93000030517578,22.65999984741211,23.43000030517578,23.43000030517578,12470200,-0.035008251953520086
211,2021-07-22,23.32999992370605,24.18000030517578,22.299999237060547,22.899999618530277,22.899999618530277,11069800,-0.022620600927966028
212,2021-07-23,24.020000457763672,24.549999237060547,22.549999237060547,24.25,24.25,17905600,0.05895198270559465
213,2021-07-26,25.239999771118164,29.030000686645508,24.31999969482422,26.82999992370605,26.82999992370605,31573200,0.10639174943117746
214,2021-07-27,27.489999771118164,27.549999237060547,25.11000061035156,25.18000030517578,25.18000030517578,16184100,-0.06149830872986284
215,2021-07-28,25.714000701904297,26.200000762939453,23.979999542236328,24.07999992370605,24.07999992370605,12580400,-0.04368547927474109
216,2021-07-29,24.540000915527344,24.698999404907227,23.25,23.350000381469727,23.350000381469727,10494600,-0.030315595703871323
217,2021-07-30,22.947999954223636,24.229999542236328,22.940000534057617,23.71999931335449,23.71999931335449,11144800,0.0158457784085686
218,2021-08-02,24.19300079345703,24.239999771118164,23.450000762939453,23.770000457763672,23.770000457763672,7894400,0.002107974108626287
219,2021-08-03,23.93000030517578,23.950000762939453,22.95499992370605,23.57999992370605,23.57999992370605,8579400,-0.007993291140032888
220,2021-08-04,23.479999542236328,23.489999771118164,22.540000915527344,22.6299991607666,22.6299991607666,7015100,-0.0402884124687537
221,2021-08-05,22.920000076293945,23.290000915527344,22.700000762939453,22.75,22.75,6573600,0.005302732818543099
222,2021-08-06,22.934999465942383,23.90999984741211,22.799999237060547,23.3799991607666,23.3799991607666,7686500,0.027692270802927466
223,2021-08-09,23.399999618530277,23.6200008392334,23.030000686645508,23.5,23.5,6489600,0.005132628038531761
224,2021-08-10,23.8799991607666,25.239999771118164,23.700000762939453,24.459999084472656,24.459999084472656,11923600,0.040851024871176866
225,2021-08-11,24.96999931335449,25.0,24.020000457763672,24.46999931335449,24.46999931335449,8009100,0.0004088401167676725
226,2021-08-12,24.309999465942383,24.5,23.809999465942383,23.850000381469727,23.850000381469727,7499600,-0.025337104588572634
227,2021-08-13,23.709999084472656,24.25,23.420000076293945,23.479999542236328,23.479999542236328,5877300,-0.015513661774230858
228,2021-08-16,23.045000076293945,23.31999969482422,22.43000030517578,22.82999992370605,22.82999992370605,7508600,-0.0276831188757497
229,2021-08-17,22.239999771118164,22.770000457763672,22.1299991607666,22.559999465942383,22.559999465942383,7077000,-0.01182656411151839
230,2021-08-18,22.93000030517578,22.93000030517578,22.152000427246094,22.549999237060547,22.549999237060547,5873900,-0.00044327256731246933
231,2021-08-19,22.18000030517578,22.61000061035156,21.51000022888184,21.709999084472656,21.709999084472656,6603900,-0.03725056235067914
232,2021-08-20,21.750999450683597,22.100000381469727,21.600000381469727,21.670000076293945,21.670000076293945,5277700,-0.0018424233010363444
233,2021-08-23,22.01000022888184,22.11000061035156,21.420000076293945,21.649999618530277,21.649999618530277,7098600,-0.0009229560541418325
234,2021-08-24,21.940000534057617,22.96999931335449,21.780000686645508,22.82999992370605,22.82999992370605,10277900,0.05450347925945498
235,2021-08-25,22.25,22.5,21.770000457763672,21.809999465942383,21.809999465942383,11667300,-0.04467807539081625
236,2021-08-26,21.84000015258789,22.06999969482422,21.399999618530277,21.479999542236328,21.479999542236328,9094900,-0.015130670875135421
237,2021-08-27,21.450000762939453,21.530000686645508,20.899999618530277,21.030000686645508,21.030000686645508,11926900,-0.02094966783895802
238,2021-08-30,20.850000381469727,20.8799991607666,19.86000061035156,20.6299991607666,20.6299991607666,14999200,-0.019020518916716744
239,2021-08-31,20.280000686645508,20.68000030517578,19.920000076293945,19.959999084472656,19.959999084472656,11454700,-0.03247698029809554
240,2021-09-01,16.1200008392334,18.440000534057617,16.1200008392334,17.790000915527344,17.790000915527344,149611900,-0.10871734812019129
241,2021-09-02,18.440000534057617,18.91900062561035,18.0,18.65999984741211,18.65999984741211,38386700,0.04890381602653093
242,2021-09-03,18.834999084472656,19.76000022888184,18.670000076293945,19.559999465942383,19.559999465942383,25236700,0.04823149120524195
243,2021-09-07,19.799999237060547,19.950000762939453,19.01000022888184,19.88999938964844,19.88999938964844,19835100,0.01687116220430629
244,2021-09-08,19.93000030517578,20.025999069213867,18.700000762939453,18.93000030517578,18.93000030517578,20956100,-0.048265415481726026
245,2021-09-09,19.21999931335449,20.059999465942383,19.09000015258789,19.850000381469727,19.850000381469727,21788600,0.04860010889922717
246,2021-09-10,20.183000564575195,20.6200008392334,19.899999618530277,19.93000030517578,19.93000030517578,16229100,0.004030222779277004
247,2021-09-13,20.26499938964844,20.59000015258789,19.65999984741211,20.059999465942383,20.059999465942383,15778400,0.0065227876957352215
248,2021-09-14,19.190000534057617,19.739999771118164,18.700000762939453,18.950000762939453,18.950000762939453,24118300,-0.05533393482325222
249,2021-09-15,19.3700008392334,20.15999984741211,19.049999237060547,19.90999984741211,19.90999984741211,32280700,0.05065958025448358
250,2021-09-16,20.84499931335449,21.600000381469727,20.36000061035156,21.170000076293945,21.170000076293945,45927400,0.06328479349765592
251,2021-09-17,22.420000076293945,23.51000022888184,21.902999877929688,22.959999084472656,22.959999084472656,104115600,0.08455356644911594
252,2021-09-20,22.024999618530277,24.21999931335449,21.65999984741211,24.06999969482422,24.06999969482422,68143000,0.04834497624619827
253,2021-09-21,24.780000686645508,27.93000030517578,24.56999969482422,26.809999465942383,26.809999465942383,114795900,0.11383464087485407
254,2021-09-22,27.73500061035156,28.209999084472656,24.280000686645508,24.950000762939453,24.950000762939453,87320500,-0.06937705110236003
255,2021-09-23,25.56999969482422,26.1299991607666,24.6200008392334,25.420000076293945,25.420000076293945,38764900,0.018837647253807877
256,2021-09-24,25.26000022888184,25.65999984741211,24.386999130249023,25.43000030517578,25.43000030517578,26633600,0.0003934000335099608
257,2021-09-27,25.86000061035156,27.270000457763672,25.74099922180176,25.88999938964844,25.88999938964844,44696200,0.018088835192779706
258,2021-09-28,25.96999931335449,26.40999984741211,24.149999618530277,24.540000915527344,24.540000915527344,38136600,-0.05214362711267062
259,2021-09-29,26.450000762939453,28.38999938964844,26.01000022888184,26.280000686645508,26.280000686645508,120691800,0.07090463350460618
260,2021-09-30,27.121999740600582,27.13999938964844,25.09000015258789,25.3799991607666,25.3799991607666,46844000,-0.034246632510030794
261,2021-10-01,25.51000022888184,25.75,24.209999084472656,24.61000061035156,24.61000061035156,30696100,-0.030338793375743522
262,2021-10-04,24.76000022888184,25.030000686645508,23.53499984741211,24.13999938964844,24.13999938964844,28779600,-0.019097976799944627
263,2021-10-05,24.18000030517578,24.78499984741211,23.86000061035156,24.020000457763672,24.020000457763672,21742700,-0.004970958364490574
264,2021-10-06,23.549999237060547,24.549999237060547,23.40999984741211,24.290000915527344,24.290000915527344,19270700,0.011240651649380151
265,2021-10-07,24.549999237060547,24.71999931335449,24.040000915527344,24.3799991607666,24.3799991607666,17543500,0.0037051561073315753
266,2021-10-08,24.31999969482422,24.530000686645508,23.041000366210938,23.229999542236328,23.229999542236328,25071000,-0.04716979729765147
267,2021-10-11,23.6299991607666,23.63999938964844,22.68000030517578,22.8700008392334,22.8700008392334,21974500,-0.015497146366636239
268,2021-10-12,23.13999938964844,23.649999618530277,22.65999984741211,23.059999465942383,23.059999465942383,23871700,0.008307766494833002
269,2021-10-13,22.850000381469727,23.020000457763672,22.11000061035156,22.59000015258789,22.59000015258789,20437400,-0.020381583878553045
270,2021-10-14,22.51000022888184,24.100000381469727,22.5,24.01000022888184,24.01000022888184,20756100,0.06285967537416215
271,2021-10-15,23.84000015258789,24.21999931335449,23.43000030517578,24.07999992370605,24.07999992370605,14891500,0.002915439156889743
272,2021-10-18,23.989999771118164,25.65999984741211,23.96999931335449,25.34000015258789,25.34000015258789,26182800,0.05232559106619461
273,2021-10-19,25.40999984741211,25.61000061035156,24.479999542236328,24.729999542236328,24.729999542236328,16034700,-0.02407263641193247
274,2021-10-20,24.76000022888184,25.270000457763672,24.13999938964844,24.239999771118164,24.239999771118164,15462900,-0.01981398221545838
275,2021-10-21,24.299999237060547,25.049999237060547,24.040000915527344,24.459999084472656,24.459999084472656,21810300,0.009075879349496496
276,2021-10-22,24.030000686645508,24.190000534057617,23.40999984741211,24.11000061035156,24.11000061035156,16384000,-0.01430901419547792
277,2021-10-25,24.8799991607666,27.399999618530277,24.70199966430664,26.850000381469727,26.850000381469727,53941800,0.11364577775836948
278,2021-10-26,26.850000381469727,28.200000762939453,26.049999237060547,26.3799991607666,26.3799991607666,40979500,-0.017504700708588894
279,2021-10-27,27.690000534057617,28.940000534057617,26.729999542236328,27.020000457763672,27.020000457763672,52224600,0.02426085357686092
280,2021-10-28,28.540000915527344,39.77999877929688,28.07999992370605,35.47999954223633,35.47999954223633,377220900,0.3131013671778766
281,2021-10-29,38.25,41.59999847412109,35.43000030517578,36.9900016784668,36.9900016784668,221097400,0.042559249033611746
282,2021-11-01,39.994998931884766,40.16999816894531,35.72999954223633,36.52999877929688,36.52999877929688,121435300,-0.012435871270524923
283,2021-11-02,34.564998626708984,35.38999938964844,33.02000045776367,35.130001068115234,35.130001068115234,75032500,-0.038324603284002445
284,2021-11-03,34.22999954223633,37.380001068115234,34.22999954223633,36.54499816894531,36.54499816894531,61133700,0.040278880096999536
285,2021-11-04,37.380001068115234,37.70000076293945,36.06999969482422,37.119998931884766,37.119998931884766,40730400,0.015734048207671547
286,2021-11-05,37.5,41.91999816894531,36.16999816894531,41.79999923706055,41.79999923706055,113881100,0.12607759805606644
287,2021-11-08,43.540000915527344,47.869998931884766,43.040000915527344,45.91999816894531,45.91999816894531,154195400,0.09856456954745374
288,2021-11-09,47.47999954223633,48.040000915527344,42.150001525878906,44.77999877929688,44.77999877929688,90177700,-0.024825771670421992
289,2021-11-10,42.29999923706055,45.0,39.34099960327149,40.75,40.75,79342800,-0.08999550891368202
290,2021-11-11,42.75,45.75,41.7400016784668,44.97999954223633,44.97999954223633,69846300,0.10380366974813082
291,2021-11-12,44.0,45.18999862670898,42.7400016784668,43.93000030517578,43.93000030517578,41015300,-0.02334369159062788
292,2021-11-15,44.59999847412109,46.13999938964844,43.40999984741211,44.880001068115234,44.880001068115234,77111000,0.021625330214885663
293,2021-11-16,49.93000030517578,55.68000030517578,46.50899887084961,55.52000045776367,55.52000045776367,248654600,0.23707662959944908
294,2021-11-17,56.20000076293945,57.75,50.310001373291016,52.54999923706055,52.54999923706055,198386200,-0.053494257856905536
295,2021-11-18,49.02999877929688,49.66999816894531,43.0,47.04999923706055,47.04999923706055,131634800,-0.10466222797052227
296,2021-11-19,47.15999984741211,55.400001525878906,47.150001525878906,55.209999084472656,55.209999084472656,166718400,0.1734325181664318
297,2021-11-22,53.03499984741211,57.43999862670898,50.08000183105469,51.119998931884766,51.119998931884766,130761800,-0.07408078645917182
298,2021-11-23,51.67499923706055,54.33000183105469,49.52000045776367,52.43999862670898,52.43999862670898,87998800,0.025821590813862372
299,2021-11-24,51.7400016784668,53.5,49.83000183105469,52.56999969482422,52.56999969482422,61225300,0.0024790440793227564
300,2021-11-26,49.45000076293945,52.369998931884766,49.41299819946289,51.720001220703125,51.720001220703125,36708000,-0.01616888870183464
301,2021-11-29,52.02999877929688,55.33000183105469,50.709999084472656,55.060001373291016,55.060001373291016,76731400,0.06457850103937957
302,2021-11-30,54.43000030517578,56.70000076293945,51.59999847412109,52.97999954223633,52.97999954223633,92341600,-0.03777700289095298
303,2021-12-01,54.08000183105469,56.2400016784668,50.95000076293945,51.13999938964844,51.13999938964844,78654100,-0.034730090005399505
304,2021-12-02,50.84999847412109,51.84000015258789,46.02000045776367,48.40999984741211,48.40999984741211,77168500,-0.053382862237360995
305,2021-12-03,48.54999923706055,49.4900016784668,44.56999969482422,47.27000045776367,47.27000045776367,76441200,-0.023548841008917742
306,2021-12-06,40.025001525878906,45.75,38.060001373291016,44.86000061035156,44.86000061035156,103929800,-0.05098370687695408
307,2021-12-07,46.505001068115234,47.25,43.02000045776367,43.880001068115234,43.880001068115234,57740800,-0.021845731807907942
308,2021-12-08,42.59999847412109,45.400001525878906,41.34000015258789,44.720001220703125,44.720001220703125,50135900,0.01914312060485024
309,2021-12-09,41.369998931884766,42.7400016784668,36.13999938964844,36.52000045776367,36.52000045776367,120872600,-0.18336316053460355
310,2021-12-10,38.0,39.08000183105469,35.79999923706055,37.65999984741211,37.65999984741211,91804000,0.031215755075547635
311,2021-12-13,39.9900016784668,40.290000915527344,36.84000015258789,39.150001525878906,39.150001525878906,82697500,0.039564569423894635
312,2021-12-14,37.959999084472656,41.29999923706055,37.15999984741211,40.869998931884766,40.869998931884766,64374000,0.04393352079102497
313,2021-12-15,39.369998931884766,41.68999862670898,38.79999923706055,40.810001373291016,40.810001373291016,59474700,-0.0014680097910876322
314,2021-12-16,41.09000015258789,42.5,39.5099983215332,40.04999923706055,40.04999923706055,55589000,-0.018622938266497302
315,2021-12-17,38.45000076293945,40.45000076293945,36.34999847412109,40.0099983215332,40.0099983215332,126157600,-0.0009987744391847242
316,2021-12-20,38.02999877929688,39.709999084472656,36.91999816894531,37.9900016784668,37.9900016784668,38903700,-0.05048729637109861
317,2021-12-21,38.25,39.33000183105469,36.75,38.02000045776367,38.02000045776367,38911500,0.0007896493280199479
318,2021-12-22,37.90999984741211,40.18999862670898,37.70000076293945,38.70000076293945,38.70000076293945,36620100,0.017885331325316223
319,2021-12-23,38.52000045776367,38.68999862670898,37.369998931884766,37.63999938964844,37.63999938964844,27703400,-0.027390215824132813
320,2021-12-27,37.16999816894531,39.1619987487793,35.529998779296875,38.63999938964844,38.63999938964844,48622900,0.026567481833568163
321,2021-12-28,37.77999877929688,38.34999847412109,36.75,36.97999954223633,36.97999954223633,28441500,-0.04296065925551795
322,2021-12-29,36.72499847412109,37.15999984741211,35.86000061035156,36.970001220703125,36.970001220703125,25374700,-0.0002703710561646755
323,2021-12-30,36.68000030517578,39.5,36.68000030517578,38.75,38.75,36202900,0.048147111726360325
324,2021-12-31,38.2400016784668,39.79999923706055,37.84999847412109,38.04999923706055,38.04999923706055,19562000,-0.018064535817792327
325,2022-01-03,38.54999923706055,41.7599983215332,37.959999084472656,40.93000030517578,40.93000030517578,45685100,0.07568991132357561
326,2022-01-04,40.75,41.290000915527344,38.380001068115234,39.40999984741211,39.40999984741211,30476900,-0.037136585546799106
327,2022-01-05,38.68000030517578,39.060001373291016,36.130001068115234,36.68000030517578,36.68000030517578,43318800,-0.0692717470897325
328,2022-01-06,36.45000076293945,38.58000183105469,33.7599983215332,38.220001220703125,38.220001220703125,58375500,0.04198475743496766
329,2022-01-07,37.505001068115234,43.290000915527344,37.5,41.97999954223633,41.97999954223633,78419600,0.09837776560552469
330,2022-01-10,40.630001068115234,43.16999816894531,40.43000030517578,41.720001220703125,41.720001220703125,44353300,-0.006193385525686268
331,2022-01-11,41.810001373291016,45.47999954223633,41.4900016784668,45.470001220703125,45.470001220703125,60554200,0.08988494463751606
332,2022-01-12,45.7400016784668,47.59000015258789,44.02999877929688,45.43000030517578,45.43000030517578,49592700,-0.0008797210128318467
333,2022-01-13,45.72999954223633,46.290000915527344,41.36000061035156,41.40999984741211,41.40999984741211,36293100,-0.0884877928848633
334,2022-01-14,40.97499847412109,43.400001525878906,40.95000076293945,42.220001220703125,42.220001220703125,33308400,0.019560525869976253
335,2022-01-18,40.68000030517578,41.27999877929688,39.0,39.209999084472656,39.209999084472656,29511500,-0.07129327449556011
336,2022-01-19,39.47999954223633,42.43999862670898,39.43999862670898,40.02999877929688,40.02999877929688,36994600,0.02091302509489079
337,2022-01-20,41.5099983215332,42.95000076293945,38.68999862670898,38.720001220703125,38.720001220703125,45831900,-0.03272539591660628
338,2022-01-21,39.02999877929688,39.97999954223633,37.185001373291016,37.75,37.75,38254000,-0.02505168362919563
339,2022-01-24,36.13999938964844,37.880001068115234,34.119998931884766,37.75,37.75,45173000,0.0
340,2022-01-25,36.630001068115234,37.54999923706055,35.220001220703125,35.459999084472656,35.459999084472656,27029100,-0.0606622759080091
341,2022-01-26,36.290000915527344,36.880001068115234,32.9900016784668,33.40999984741211,33.40999984741211,51058100,-0.057811598702443456
342,2022-01-27,33.849998474121094,33.90999984741211,28.38999938964844,28.700000762939453,28.700000762939453,67318200,-0.14097572900280886
343,2022-01-28,28.058000564575195,28.43000030517578,25.632999420166016,27.149999618530277,27.149999618530277,66779500,-0.05400700708031703
344,2022-01-31,28.114999771118164,29.479999542236328,27.420000076293945,29.38999938964844,29.38999938964844,41743100,0.0825045967805218
345,2022-02-01,30.524999618530277,30.850000381469727,28.6200008392334,29.959999084472656,29.959999084472656,38972300,0.019394341839454876
346,2022-02-02,29.225000381469727,29.959999084472656,27.399999618530277,27.68000030517578,27.68000030517578,35301500,-0.07610143020593507
347,2022-02-03,26.5,28.59000015258789,26.290000915527344,26.950000762939453,26.950000762939453,30180400,-0.026372815541473416
348,2022-02-04,26.979999542236328,27.850000381469727,26.209999084472656,27.549999237060547,27.549999237060547,20394500,0.022263393585731706
349,2022-02-07,27.61000061035156,28.32999992370605,26.399999618530277,26.96999931335449,26.96999931335449,22540000,-0.021052629392665723
350,2022-02-08,26.799999237060547,27.6299991607666,25.88999938964844,27.43000030517578,27.43000030517578,19193200,0.017056025344187375
351,2022-02-09,27.770000457763672,28.940000534057617,27.59000015258789,28.82999992370605,28.82999992370605,21808600,0.05103899391011324
352,2022-02-10,27.649999618530277,29.399999618530277,27.440000534057617,27.90999984741211,27.90999984741211,24458300,-0.03191120633813993
353,2022-02-11,27.524999618530277,28.200000762939453,25.61000061035156,25.84000015258789,25.84000015258789,28761800,-0.07416695471663193
354,2022-02-14,25.812000274658203,28.40999984741211,25.68000030517578,27.440000534057617,27.440000534057617,41217500,0.06191951904108195
355,2022-02-15,28.11000061035156,28.88999938964844,27.6200008392334,28.8700008392334,28.8700008392334,22330300,0.05211371273119747
356,2022-02-16,28.334999084472656,29.18000030517578,27.86000061035156,29.0,29.0,15842000,0.004502915032476684
357,2022-02-17,28.440000534057617,30.1200008392334,27.920000076293945,28.11000061035156,28.11000061035156,24810600,-0.030689634125808274
358,2022-02-18,27.825000762939453,28.280000686645508,25.78499984741211,26.59000015258789,26.59000015258789,28475100,-0.054073298639628065
359,2022-02-22,25.76499938964844,27.280000686645508,24.940000534057617,25.51000022888184,25.51000022888184,32634500,-0.04061677012066278
360,2022-02-23,25.76499938964844,26.190000534057617,23.799999237060547,23.96999931335449,23.96999931335449,27159600,-0.06036851829518197
361,2022-02-24,22.011999130249023,25.44499969482422,21.770000457763672,25.280000686645508,25.280000686645508,35062700,0.05465170675082898
362,2022-02-25,25.440000534057617,27.0,24.559999465942383,26.350000381469727,26.350000381469727,28287200,0.04232593614562119
363,2022-02-28,26.739999771118164,29.049999237060547,26.170000076293945,28.979999542236328,28.979999542236328,51761800,0.0998102133848966
364,2022-03-01,24.48500061035156,25.75,23.3799991607666,24.989999771118164,24.989999771118164,62757700,-0.1376811536971565
365,2022-03-02,24.71999931335449,24.770000457763672,23.600000381469727,24.57999992370605,24.57999992370605,24038200,-0.01640655666935875
366,2022-03-03,24.489999771118164,24.520000457763672,22.40999984741211,22.6299991607666,22.6299991607666,28893100,-0.07933282217217508
367,2022-03-04,22.61899948120117,23.729999542236328,22.01000022888184,22.6299991607666,22.6299991607666,33216500,0.0
368,2022-03-07,22.940000534057617,24.40999984741211,22.899999618530277,23.170000076293945,23.170000076293945,35110300,0.023862171257325482
369,2022-03-08,22.854999542236328,25.709999084472656,22.61000061035156,24.239999771118164,24.239999771118164,33349600,0.04618039237379956
370,2022-03-09,25.1299991607666,25.53300094604492,24.75,25.26000022888184,25.26000022888184,18168800,0.042079227202757696
371,2022-03-10,24.90999984741211,24.90999984741211,23.51000022888184,24.209999084472656,24.209999084472656,16508800,-0.041567740890541605
372,2022-03-11,24.049999237060547,24.229999542236328,22.809999465942383,22.920000076293945,22.920000076293945,18824700,-0.05328372808597359
373,2022-03-14,22.6299991607666,23.25,21.31399917602539,21.549999237060547,21.549999237060547,21366200,-0.05977316032605007
374,2022-03-15,21.5,22.030000686645508,20.489999771118164,21.979999542236328,21.979999542236328,20404200,0.019953611155414386
375,2022-03-16,22.1299991607666,23.895000457763672,22.1299991607666,23.6200008392334,23.6200008392334,28443700,0.0746133453663489
376,2022-03-17,23.31999969482422,24.93000030517578,22.85099983215332,24.649999618530277,24.649999618530277,21491200,0.04360705938612952
377,2022-03-18,24.940000534057617,26.149999618530277,24.649999618530277,25.670000076293945,25.670000076293945,34740300,0.04137932955572543
378,2022-03-21,25.850000381469727,26.200000762939453,24.81999969482422,25.38999938964844,25.38999938964844,17521300,-0.010907701044538864
379,2022-03-22,25.450000762939453,27.25,25.121000289916992,26.649999618530277,26.649999618530277,30663400,0.04962584715128204
380,2022-03-23,26.5,26.809999465942383,25.71199989318848,25.899999618530277,25.899999618530277,20981200,-0.028142589521033656
381,2022-03-24,26.01000022888184,26.56999969482422,25.030000686645508,26.25,26.25,14925200,0.01351352844110898
382,2022-03-25,25.940000534057617,26.059999465942383,24.520000457763672,25.15999984741211,25.15999984741211,17276700,-0.04152381533668159
383,2022-03-28,25.34000015258789,25.94700050354004,24.63999938964844,25.3799991607666,25.3799991607666,18224200,0.008744010917675737
384,2022-03-29,25.559999465942383,27.600000381469727,25.459999084472656,27.36000061035156,27.36000061035156,33667100,0.07801424409208502
385,2022-03-30,27.18000030517578,28.13500022888184,26.200000762939453,26.5,26.5,21638400,-0.03143277014497514
386,2022-03-31,26.540000915527344,26.548999786376957,25.25,25.399999618530277,25.399999618530277,17399100,-0.041509448357348044
387,2022-04-01,25.38999938964844,25.559999465942383,24.26000022888184,24.549999237060547,24.549999237060547,17175000,-0.033464582450214775
388,2022-04-04,24.65999984741211,25.43000030517578,24.63999938964844,25.209999084472656,25.209999084472656,17025800,0.026883905007042852
389,2022-04-05,25.209999084472656,26.15999984741211,23.649999618530277,23.729999542236328,23.729999542236328,21146400,-0.05870684633018841
390,2022-04-06,23.600000381469727,23.600000381469727,22.61000061035156,22.989999771118164,22.989999771118164,19407100,-0.031184146034266003
391,2022-04-07,23.100000381469727,23.21999931335449,21.458999633789062,22.31999969482422,22.31999969482422,21277000,-0.029143109306840942
392,2022-04-08,22.059999465942383,22.34000015258789,21.549999237060547,21.670000076293945,21.670000076293945,15131100,-0.029121847106521326
393,2022-04-11,21.625,22.645000457763672,21.100000381469727,21.700000762939453,21.700000762939453,20100100,0.0013844340812130262
394,2022-04-12,22.3799991607666,22.690000534057617,21.100000381469727,21.290000915527344,21.290000915527344,21902600,-0.018894001520605053
395,2022-04-13,21.32999992370605,22.1299991607666,20.82999992370605,22.049999237060547,22.049999237060547,22126100,0.03569743019498506
396,2022-04-14,21.8799991607666,22.07999992370605,20.90999984741211,21.01000022888184,21.01000022888184,18858000,-0.04716548953120725
397,2022-04-18,20.979999542236328,21.11000061035156,19.86000061035156,20.31999969482422,20.31999969482422,21821400,-0.03284152910712956
398,2022-04-19,20.21999931335449,21.44499969482422,19.799999237060547,21.40999984741211,21.40999984741211,18312700,0.05364174059832916
399,2022-04-20,21.20499992370605,21.28499984741211,20.61000061035156,20.8700008392334,20.8700008392334,13957000,-0.025221812799031018
400,2022-04-21,21.31999969482422,21.8700008392334,19.475000381469727,19.549999237060547,19.549999237060547,23924900,-0.06324875654491535
401,2022-04-22,19.63999938964844,20.01000022888184,18.90999984741211,19.11000061035156,19.11000061035156,22323900,-0.02250632449513812
402,2022-04-25,18.96500015258789,19.479999542236328,18.76000022888184,19.32999992370605,19.32999992370605,23859400,0.011512260927680096
403,2022-04-26,19.2549991607666,19.34000015258789,17.610000610351562,17.639999389648438,17.639999389648438,39892400,-0.08742889501955042
404,2022-04-27,18.68000030517578,18.700000762939453,17.989999771118164,18.06999969482422,18.06999969482422,29054500,0.02437643537720957
405,2022-04-28,18.440000534057617,19.049999237060547,17.5,18.88999938964844,18.88999938964844,25110300,0.045379065228158044
406,2022-04-29,18.8799991607666,19.489999771118164,18.020000457763672,18.07999992370605,18.07999992370605,19048200,-0.042879803711706965
407,2022-05-02,18.07999992370605,19.100000381469727,17.649999618530273,19.059999465942383,19.059999465942383,19301500,0.05420351473294982
408,2022-05-03,18.959999084472656,19.68000030517578,18.809999465942383,19.600000381469727,19.600000381469727,16090800,0.02833163329790489
409,2022-05-04,19.325000762939453,20.299999237060547,18.709999084472656,20.26000022888184,20.26000022888184,20505900,0.033673460947281075
410,2022-05-05,19.90999984741211,19.920000076293945,18.350000381469727,18.850000381469727,18.850000381469727,22846500,-0.06959525328149174
411,2022-05-06,18.559999465942383,19.07999992370605,17.434999465942383,18.149999618530277,18.149999618530277,25371700,-0.037135318237318304
412,2022-05-09,17.334999084472656,17.44499969482422,16.18000030517578,16.350000381469727,16.350000381469727,41346700,-0.09917351376816763
413,2022-05-10,17.270000457763672,17.270000457763672,15.350000381469728,15.949999809265137,15.949999809265137,31561900,-0.02446486623070243
414,2022-05-11,15.869999885559082,15.960000038146973,13.670000076293944,13.859999656677246,13.859999656677246,44037600,-0.13103449389220923
415,2022-05-12,13.56999969482422,16.420000076293945,13.25,15.6899995803833,15.6899995803833,42817000,0.13203462980061675
416,2022-05-13,16.25,18.32999992370605,16.25,18.010000228881836,18.010000228881836,38888100,0.14786492737699986
417,2022-05-16,18.030000686645508,18.540000915527344,17.239999771118164,17.360000610351562,17.360000610351562,18649800,-0.03609103888227039
418,2022-05-17,17.510000228881836,18.38999938964844,17.27199935913086,17.850000381469727,17.850000381469727,18908000,0.028225792274798822
419,2022-05-18,17.579999923706055,18.4060001373291,17.065000534057617,17.360000610351562,17.360000610351562,22487200,-0.02745096698299443
420,2022-05-19,17.74799919128418,19.93000030517578,17.459999084472656,19.270000457763672,19.270000457763672,39616400,0.11002302881678472
421,2022-05-20,19.739999771118164,19.799999237060547,17.344999313354492,18.38999938964844,18.38999938964844,28540900,-0.04566689399120838
422,2022-05-23,18.309999465942383,18.559999465942383,17.700000762939453,18.399999618530277,18.399999618530277,15852300,0.0005437862541455285
423,2022-05-24,17.969999313354492,18.299999237060547,16.860000610351562,17.100000381469727,17.100000381469727,18049800,-0.0706521339137065
424,2022-05-25,17.045000076293945,17.59000015258789,16.760000228881836,17.450000762939453,17.450000762939453,18661600,0.020467858108880632
425,2022-05-26,17.260000228881836,19.299999237060547,17.200000762939453,18.88999938964844,18.88999938964844,25111700,0.08252140766476512
426,2022-05-27,19.229999542236328,19.8799991607666,19.1299991607666,19.82999992370605,19.82999992370605,19140000,0.04976180859871926
427,2022-05-31,20.06999969482422,20.725000381469727,19.3799991607666,20.18000030517578,20.18000030517578,24021300,0.01765004451922958
428,2022-06-01,20.299999237060547,20.545000076293945,19.26300048828125,19.5,19.5,15746900,-0.0336967440481839
429,2022-06-02,19.309999465942383,20.150999069213867,18.899999618530277,19.959999084472656,19.959999084472656,15584200,0.023589696639623403
430,2022-06-03,19.239999771118164,19.3799991607666,18.32200050354004,18.670000076293945,18.670000076293945,18144900,-0.06462921179100811
431,2022-06-06,19.040000915527344,19.979999542236328,18.790000915527344,19.149999618530277,19.149999618530277,15920900,0.025709670073639
432,2022-06-07,18.920000076293945,19.395000457763672,18.63999938964844,18.959999084472656,18.959999084472656,12598000,-0.00992169910404428
433,2022-06-08,19.01000022888184,20.11000061035156,18.96999931335449,19.59000015258789,19.59000015258789,15619300,0.03322790604094372
434,2022-06-09,19.3439998626709,19.65999984741211,18.799999237060547,18.8799991607666,18.8799991607666,16010800,-0.036243031459471275
435,2022-06-10,18.520000457763672,19.13999938964844,18.0,18.020000457763672,18.020000457763672,14364300,-0.04555078078552255
436,2022-06-13,17.010000228881836,17.190000534057617,16.15999984741211,16.309999465942383,16.309999465942383,18563800,-0.09489461422763501
437,2022-06-14,16.5,16.950000762939453,15.800000190734863,16.600000381469727,16.600000381469727,15723100,0.017780559474137814
438,2022-06-15,16.299999237060547,17.65999984741211,16.219999313354492,17.520000457763672,17.520000457763672,17671300,0.055421690069412444
439,2022-06-16,16.850000381469727,17.0,15.300000190734863,15.550000190734863,15.550000190734863,19089800,-0.11244293467788347
440,2022-06-17,15.989999771118164,16.809999465942383,15.611000061035156,16.6299991607666,16.6299991607666,24044000,0.06945330911797876
441,2022-06-21,17.15999984741211,18.684999465942383,17.149999618530273,17.899999618530273,17.899999618530273,21750400,0.07636804100146022
442,2022-06-22,17.65999984741211,18.57999992370605,17.479999542236328,18.030000686645508,18.030000686645508,14301300,0.007262629658419506
443,2022-06-23,18.11000061035156,19.649999618530277,17.989999771118164,19.299999237060547,19.299999237060547,24147000,0.07043807554348591
444,2022-06-24,19.59000015258789,19.8700008392334,18.770000457763672,19.209999084472656,19.209999084472656,50117000,-0.004663220525681133
445,2022-06-27,19.01000022888184,19.34000015258789,17.940000534057617,18.38999938964844,18.38999938964844,16882600,-0.04268608713714184
446,2022-06-28,18.25,18.757999420166016,17.850000381469727,17.940000534057617,17.940000534057617,11466100,-0.024469759136812375
447,2022-06-29,17.690000534057617,17.93000030517578,17.200000762939453,17.299999237060547,17.299999237060547,10918300,-0.035674541691461004
448,2022-06-30,17.239999771118164,17.65999984741211,16.545000076293945,17.15999984741211,17.15999984741211,13188800,-0.008092450625577285
449,2022-07-01,17.05500030517578,17.520000457763672,16.43000030517578,17.0,17.0,14083100,-0.009324000514850717
450,2022-07-05,16.780000686645508,17.239999771118164,16.350000381469727,17.229999542236328,17.229999542236328,14868300,0.013529384837431158
451,2022-07-06,17.350000381469727,18.51000022888184,17.309999465942383,18.21999931335449,18.21999931335449,21390600,0.057457910471288676
452,2022-07-07,18.290000915527344,19.875,18.059999465942383,19.809999465942383,19.809999465942383,19510400,0.0872667515098362
453,2022-07-08,19.440000534057617,20.61000061035156,19.31999969482422,19.989999771118164,19.989999771118164,24362100,0.009086335690480007
454,2022-07-11,19.920000076293945,20.020000457763672,18.5,18.530000686645508,18.530000686645508,11665000,-0.07303647329611695
455,2022-07-12,18.739999771118164,19.459999084472656,18.2450008392334,19.32999992370605,19.32999992370605,12437500,0.043173189822766744
456,2022-07-13,18.649999618530277,19.749000549316406,18.549999237060547,19.51000022888184,19.51000022888184,12273100,0.009311966160695073
457,2022-07-14,19.440000534057617,20.149999618530277,18.959999084472656,20.11000061035156,20.11000061035156,12948500,0.030753478955961366
458,2022-07-15,20.1200008392334,20.290000915527344,19.209999084472656,19.68000030517578,19.68000030517578,13949500,-0.02138241134385821
459,2022-07-18,20.06999969482422,21.07999992370605,19.86000061035156,19.959999084472656,19.959999084472656,17273800,0.014227580028199238
460,2022-07-19,20.489999771118164,20.549999237060547,19.86000061035156,20.3799991607666,20.3799991607666,11280300,0.021042088955839366
461,2022-07-20,20.36000061035156,21.34000015258789,20.36000061035156,21.270000457763672,21.270000457763672,15250100,0.0436703304046453
462,2022-07-21,21.13999938964844,21.780000686645508,20.7810001373291,21.479999542236328,21.479999542236328,15841800,0.009873017393189798
463,2022-07-22,21.450000762939453,21.450000762939453,19.540000915527344,19.68000030517578,19.68000030517578,14026800,-0.08379884894881828
464,2022-07-25,19.780000686645508,19.899999618530277,18.63999938964844,18.739999771118164,18.739999771118164,11624200,-0.047764254038675014
465,2022-07-26,18.479999542236328,18.565000534057617,17.889999389648438,18.09000015258789,18.09000015258789,11087900,-0.034685145489278146
466,2022-07-27,18.440000534057617,18.59499931335449,17.8700008392334,18.43000030517578,18.43000030517578,15566000,0.01879492259369897
467,2022-07-28,18.739999771118164,19.02400016784668,17.774999618530273,18.239999771118164,18.239999771118164,16839400,-0.010309307157431724
468,2022-07-29,18.0,18.290000915527344,17.8799991607666,18.25,18.25,16504000,0.0005482581692610733
469,2022-08-01,18.209999084472656,18.690000534057617,17.770000457763672,18.530000686645508,18.530000686645508,15465800,0.015342503377836048
470,2022-08-02,18.21999931335449,19.989999771118164,17.81999969482422,19.729999542236328,19.729999542236328,20507400,0.06475978473415034
471,2022-08-03,19.81999969482422,20.6200008392334,19.530000686645508,20.559999465942383,20.559999465942383,29292200,0.042067913986985284
472,2022-08-04,18.040000915527344,18.86000061035156,18.0,18.559999465942383,18.559999465942383,37355200,-0.09727626711824566
473,2022-08-05,18.399999618530277,18.600000381469727,17.920000076293945,18.049999237060547,18.049999237060547,16542600,-0.02747846139854082
474,2022-08-08,18.18000030517578,19.709999084472656,18.075000762939453,18.71999931335449,18.71999931335449,21703000,0.03711911936917356
475,2022-08-09,18.520000457763672,18.530000686645508,17.125,17.459999084472656,17.459999084472656,23944600,-0.06730770700311794
476,2022-08-10,18.06999969482422,18.34000015258789,17.510000228881836,18.21999931335449,18.21999931335449,19041300,0.04352807953797133
477,2022-08-11,18.38999938964844,18.920000076293945,18.020000457763672,18.09000015258789,18.09000015258789,19662500,-0.007134970673204899
478,2022-08-12,18.25,18.709999084472656,17.82900047302246,18.65999984741211,18.65999984741211,13906200,0.03150910392572204
479,2022-08-15,18.36000061035156,19.07999992370605,18.309999465942383,18.76000022888184,18.76000022888184,10488300,0.005359077293004333
480,2022-08-16,18.6200008392334,19.155000686645508,18.18000030517578,18.93000030517578,18.93000030517578,12979600,0.009061837644981363
481,2022-08-17,18.65999984741211,18.790000915527344,18.149999618530277,18.459999084472656,18.459999084472656,11017300,-0.024828378929007133
482,2022-08-18,18.57999992370605,18.600000381469727,18.010000228881836,18.229999542236328,18.229999542236328,10206400,-0.012459347434626289
483,2022-08-19,17.979999542236328,17.989999771118164,16.690000534057617,16.75,16.75,26005800,-0.08118483704880952
484,2022-08-22,16.774999618530273,16.774999618530273,16.030000686645508,16.100000381469727,16.100000381469727,15375300,-0.038805947374941696
485,2022-08-23,16.260000228881836,16.440000534057617,15.949999809265137,15.979999542236328,15.979999542236328,11651100,-0.00745346809876557
486,2022-08-24,16.25,16.84000015258789,15.954999923706056,16.440000534057617,16.440000534057617,11934800,0.02878604536911733
487,2022-08-25,16.700000762939453,17.229999542236328,16.579999923706055,16.979999542236328,16.979999542236328,10480900,0.032846653931672964
488,2022-08-26,17.100000381469727,17.280000686645508,16.209999084472656,16.239999771118164,16.239999771118164,13160300,-0.043580670852050196
489,2022-08-29,16.09000015258789,16.450000762939453,15.859999656677246,16.170000076293945,16.170000076293945,8469300,-0.00431032609672255
490,2022-08-30,15.800000190734863,15.850000381469728,14.890000343322754,15.149999618530272,15.149999618530272,27308600,-0.06307980537730773
491,2022-08-31,15.31999969482422,15.519000053405762,14.960000038146973,15.34000015258789,15.34000015258789,13917200,0.012541289692524105
492,2022-09-01,15.210000038146973,15.404999732971191,14.789999961853027,15.380000114440918,15.380000114440918,13605600,0.0026075594168935012
493,2022-09-02,15.470000267028809,15.630000114440918,14.989999771118164,15.15999984741211,15.15999984741211,13695300,-0.014304308543030553
494,2022-09-06,15.039999961853027,15.130000114440918,14.579999923706056,14.609999656677246,14.609999656677246,17263300,-0.03627969632392514
495,2022-09-07,14.46399974822998,14.75,13.86299991607666,14.699999809265137,14.699999809265137,17388200,0.006160174859878076
496,2022-09-08,14.460000038146973,14.989999771118164,14.385000228881836,14.989999771118164,14.989999771118164,11854400,0.01972788881740306
497,2022-09-09,15.0,15.420000076293944,14.93000030517578,15.079999923706056,15.079999923706056,17971300,0.006004012939432979
498,2022-09-12,15.449999809265137,16.597000122070312,15.3100004196167,16.549999237060547,16.549999237060547,24276500,0.09748006106045293
499,2022-09-13,15.8100004196167,16.68000030517578,15.640000343322754,16.100000381469727,16.100000381469727,21307200,-0.0271902644311387
500,2022-09-14,16.020000457763672,16.8799991607666,15.975000381469728,16.6299991607666,16.6299991607666,21932200,0.032919178058335774
501,2022-09-15,16.399999618530273,17.329999923706055,16.34000015258789,16.489999771118164,16.489999771118164,19007500,-0.008418484468641685
502,2022-09-16,16.1299991607666,17.690000534057617,16.079999923706055,16.18000030517578,16.18000030517578,50642800,-0.018799240160411568
503,2022-09-19,16.059999465942383,16.40999984741211,15.4399995803833,15.9399995803833,15.9399995803833,18925100,-0.014833171833483094
504,2022-09-20,15.81999969482422,15.951000213623049,15.229999542236328,15.34000015258789,15.34000015258789,12585600,-0.037641119422224145
505,2022-09-21,15.390000343322754,16.15999984741211,15.279999732971191,15.5600004196167,15.5600004196167,16880000,0.014341607877474072
506,2022-09-22,15.449999809265137,15.579999923706056,14.119999885559082,14.3100004196167,14.3100004196167,20375900,-0.08033418806493786
507,2022-09-23,14.170000076293944,14.25,13.579999923706056,14.029999732971191,14.029999732971191,18635800,-0.019566783957718936
508,2022-09-26,14.050000190734863,14.649999618530272,13.95199966430664,14.0600004196167,14.0600004196167,11486300,0.002138324106664369
509,2022-09-27,14.8100004196167,15.18000030517578,14.149999618530272,14.40999984741211,14.40999984741211,20173200,0.024893272926726606
510,2022-09-28,14.520000457763672,15.31999969482422,14.354999542236328,15.220000267028809,15.220000267028809,15089800,0.0562109943229574
511,2022-09-29,14.979999542236328,15.0,13.989999771118164,14.1899995803833,14.1899995803833,14253500,-0.06767415693656753
512,2022-09-30,14.050000190734863,14.4399995803833,13.869999885559082,13.970000267028809,13.970000267028809,12259300,-0.015503828038066048
513,2022-10-03,14.0,14.220000267028809,13.520000457763672,14.09000015258789,14.09000015258789,19230900,0.00858982700539368
514,2022-10-04,14.510000228881836,15.68000030517578,14.510000228881836,15.399999618530272,15.399999618530272,22799900,0.09297370133113692
515,2022-10-05,14.961000442504885,15.170000076293944,14.510000228881836,14.989999771118164,14.989999771118164,11615300,-0.026623367374552953
516,2022-10-06,15.017999649047852,15.300000190734863,14.30500030517578,14.40999984741211,14.40999984741211,13163700,-0.038692457142231795
517,2022-10-07,14.060999870300291,14.18000030517578,13.119999885559082,13.170000076293944,13.170000076293944,21772500,-0.08605133825458422
518,2022-10-10,13.229999542236328,13.260000228881836,12.289999961853027,12.479999542236328,12.479999542236328,20767800,-0.052391839791984474
519,2022-10-11,12.43000030517578,13.217000007629396,12.199999809265137,12.649999618530272,12.649999618530272,22025100,0.01362180148473624
520,2022-10-12,13.25,13.5,12.609999656677246,13.09000015258789,13.09000015258789,23191800,0.03478265196254138
521,2022-10-13,12.739999771118164,13.239999771118164,12.375,13.010000228881836,13.010000228881836,20889200,-0.006111529623644696
522,2022-10-14,13.18000030517578,13.220000267028809,11.869999885559082,11.890000343322754,11.890000343322754,23536700,-0.08608761459302006
523,2022-10-17,12.350000381469728,12.920000076293944,12.343999862670898,12.40999984741211,12.40999984741211,18897300,0.043734187474719466
524,2022-10-18,12.920000076293944,13.15999984741211,12.515000343322754,13.010000228881836,13.010000228881836,16688500,0.048348137699199656
525,2022-10-19,12.845000267028809,12.93000030517578,12.449999809265137,12.640000343322754,12.640000343322754,11700900,-0.02843965250190328
526,2022-10-20,12.710000038146973,13.100000381469728,12.359999656677246,12.600000381469728,12.600000381469728,17586500,-0.003164553858114094
527,2022-10-21,12.460000038146973,13.420000076293944,12.279999732971191,13.3100004196167,13.3100004196167,17222200,0.056349207670750356
528,2022-10-24,13.170000076293944,13.175000190734863,12.529999732971191,12.800000190734863,12.800000190734863,14457700,-0.03831707083421132
529,2022-10-25,12.899999618530272,14.170000076293944,12.899999618530272,13.920000076293944,13.920000076293944,22487600,0.08749998975545159
530,2022-10-26,13.739999771118164,14.520000457763672,13.619999885559082,13.90999984741211,13.90999984741211,15071200,-0.0007184072433207289
531,2022-10-27,14.050000190734863,14.380000114440918,13.68000030517578,13.789999961853027,13.789999961853027,11174000,-0.008626878998953202
532,2022-10-28,13.789999961853027,14.300000190734863,13.649999618530272,14.229999542236328,14.229999542236328,12837100,0.03190714877450773
533,2022-10-31,14.15999984741211,14.675000190734863,14.045000076293944,14.289999961853027,14.289999961853027,24662300,0.004216473755927375
534,2022-11-01,14.670000076293944,14.84000015258789,13.600000381469728,13.619999885559082,13.619999885559082,14636500,-0.046885939683870004
535,2022-11-02,13.670000076293944,14.350000381469728,13.3149995803833,13.34000015258789,13.34000015258789,14289000,-0.02055798350395488
536,2022-11-03,13.229999542236328,14.074999809265137,13.149999618530272,13.640000343322754,13.640000343322754,10715300,0.022488769662919683
537,2022-11-04,14.039999961853027,14.34000015258789,13.300000190734863,13.890000343322754,13.890000343322754,19218400,0.018328445286468265
538,2022-11-07,14.050000190734863,14.199999809265137,13.204999923706056,13.850000381469728,13.850000381469728,16368000,-0.002879766800888084
539,2022-11-08,13.90999984741211,14.039999961853027,13.06999969482422,13.5,13.5,23031500,-0.025270784969652627
540,2022-11-09,12.489999771118164,12.529999732971191,10.890000343322754,11.210000038146973,11.210000038146973,52598500,-0.1696296268039279
541,2022-11-10,12.010000228881836,12.34000015258789,11.369999885559082,12.109999656677246,12.109999656677246,42963100,0.0802854251086198
542,2022-11-11,12.130000114440918,13.178999900817873,12.06999969482422,12.90999984741211,12.90999984741211,29191500,0.0660611241465856
543,2022-11-14,12.880000114440918,12.960000038146973,12.10200023651123,12.210000038146973,12.210000038146973,18403800,-0.05422151956147825
544,2022-11-15,12.71500015258789,12.81999969482422,12.300000190734863,12.359999656677246,12.359999656677246,21745000,0.012284981004229145
545,2022-11-16,12.300000190734863,12.300000190734863,11.31999969482422,11.369999885559082,11.369999885559082,23032400,-0.08009707108554298
546,2022-11-17,11.239999771118164,11.489999771118164,11.029999732971191,11.460000038146973,11.460000038146973,18377400,0.007915580782212661
547,2022-11-18,11.579999923706056,11.65999984741211,11.085000038146973,11.260000228881836,11.260000228881836,14755900,-0.01745199027917943
548,2022-11-21,11.109999656677246,11.109999656677246,10.25,10.3100004196167,10.3100004196167,32052700,-0.08436943072420133
549,2022-11-22,10.390000343322754,10.390000343322754,9.979999542236328,10.130000114440918,10.130000114440918,23082800,-0.017458806774953817
550,2022-11-23,10.239999771118164,10.350000381469728,10.050999641418455,10.25,10.25,18478600,0.011845990543279061
551,2022-11-25,10.270000457763672,10.279999732971191,9.96500015258789,10.020000457763672,10.020000457763672,12414200,-0.022438979730373454
552,2022-11-28,9.984999656677246,10.187999725341797,9.829999923706056,9.850000381469728,9.850000381469728,24142600,-0.016966074703342438
553,2022-11-29,10.050000190734863,10.06999969482422,9.699999809265137,9.760000228881836,9.760000228881836,19666600,-0.009137070974860495
554,2022-11-30,9.859999656677246,10.359999656677246,9.84000015258789,10.140000343322754,10.140000343322754,69551900,0.0389344370419602
555,2022-12-01,10.104999542236328,10.234999656677246,9.56999969482422,9.829999923706056,9.829999923706056,27314300,-0.030572032457655163
556,2022-12-02,9.640000343322754,10.164999961853027,9.550000190734863,10.149999618530272,10.149999618530272,27456300,0.03255337714220152
557,2022-12-05,10.109999656677246,10.1899995803833,9.399999618530272,9.43000030517578,9.43000030517578,26098200,-0.07093589560732894
558,2022-12-06,9.520000457763672,9.520000457763672,8.539999961853027,8.649999618530273,8.649999618530273,39132200,-0.08271481032905081
559,2022-12-07,8.5,8.734999656677246,8.28499984741211,8.609999656677246,8.609999656677246,23903900,-0.004624273250525723
560,2022-12-08,8.619999885559082,8.84000015258789,8.404999732971191,8.680000305175781,8.680000305175781,24855900,0.008130156944228029
561,2022-12-09,8.529999732971191,8.6899995803833,8.140000343322754,8.680000305175781,8.680000305175781,43064600,0.0
562,2022-12-12,8.539999961853027,8.59000015258789,8.130000114440918,8.279999732971191,8.279999732971191,26159800,-0.04608301361073386
563,2022-12-13,8.699999809265137,8.954999923706055,7.940000057220459,7.989999771118164,7.989999771118164,40408100,-0.03502415111177348
564,2022-12-14,7.960000038146973,7.96999979019165,7.590000152587891,7.679999828338623,7.679999828338623,29881900,-0.03879849207256714
565,2022-12-15,7.710000038146973,7.820000171661377,7.429999828338623,7.449999809265137,7.449999809265137,31343400,-0.02994791981958167
566,2022-12-16,7.40500020980835,7.619999885559082,7.184999942779541,7.369999885559082,7.369999885559082,41837800,-0.010738245067679508
567,2022-12-19,7.349999904632568,7.369999885559082,7.050000190734863,7.230000019073486,7.230000019073486,22954100,-0.018995911622727957
568,2022-12-20,7.570000171661377,7.889999866485596,7.21999979019165,7.230000019073486,7.230000019073486,42410700,0.0
569,2022-12-21,7.389999866485596,7.389999866485596,7.150000095367432,7.179999828338623,7.179999828338623,26956100,-0.0069156556850563655
570,2022-12-22,7.119999885559082,7.170000076293945,6.630000114440918,6.889999866485596,6.889999866485596,35161300,-0.04038996779755222
571,2022-12-23,6.880000114440918,6.900000095367432,6.590000152587891,6.699999809265137,6.699999809265137,22584900,-0.027576206226745947
572,2022-12-27,6.607999801635742,6.610000133514404,6.179999828338623,6.199999809265137,6.199999809265137,35811200,-0.07462686779611127
573,2022-12-28,6.25,6.639999866485596,6.215000152587891,6.380000114440918,6.380000114440918,27973100,0.029032308179557154
574,2022-12-29,6.599999904632568,6.900000095367432,6.480000019073486,6.699999809265137,6.699999809265137,26601600,0.05015669107903453
575,2022-12-30,6.550000190734863,6.829999923706055,6.514999866485596,6.829999923706055,6.829999923706055,22489800,0.019403002707723438
576,2023-01-03,6.96999979019165,7.070000171661377,6.139999866485596,6.170000076293945,6.170000076293945,31442200,-0.09663248239891398
577,2023-01-04,6.25,6.71999979019165,6.150000095367432,6.480000019073486,6.480000019073486,26173400,0.05024310193619064
578,2023-01-05,6.340000152587891,6.394000053405762,6.170000076293945,6.25,6.25,21449700,-0.03549382999945916
579,2023-01-06,6.150000095367432,6.429999828338623,6.090000152587891,6.360000133514404,6.360000133514404,24539300,0.017600021362304652
580,2023-01-09,6.489999771118164,6.980000019073486,6.375,6.78000020980835,6.78000020980835,27342000,0.0660377464586408
581,2023-01-10,6.860000133514404,7.21999979019165,6.730000019073486,7.190000057220459,7.190000057220459,25980600,0.06047195202427558
582,2023-01-11,7.21999979019165,8.0,7.068999767303467,7.929999828338623,7.929999828338623,44543100,0.102920690574269
583,2023-01-12,8.380000114440918,8.470000267028809,7.800000190734863,8.3100004196167,8.3100004196167,45046900,0.047919369420426294
584,2023-01-13,7.952000141143799,8.180000305175781,7.75,8.149999618530273,8.149999618530273,29230400,-0.019254006378715216
585,2023-01-17,8.15999984741211,8.319999694824219,7.914999961853027,8.050000190734863,8.050000190734863,21990000,-0.012269869015459345
586,2023-01-18,8.1899995803833,8.34000015258789,7.860000133514404,8.15999984741211,8.15999984741211,24861700,0.013664553300737792
587,2023-01-19,8.010000228881836,8.074000358581543,7.400000095367432,7.449999809265137,7.449999809265137,29192200,-0.08700981022348231
588,2023-01-20,7.480000019073486,7.820000171661377,7.425000190734863,7.820000171661377,7.820000171661377,20804200,0.049664479445501675
589,2023-01-23,8.0,8.895000457763672,7.985000133514404,8.819999694824219,8.819999694824219,37913500,0.12787717406793742
590,2023-01-24,8.640000343322754,9.0600004196167,8.520000457763672,8.600000381469727,8.600000381469727,25868900,-0.024943233669678322
591,2023-01-25,8.319999694824219,8.880000114440918,8.210000038146973,8.869999885559082,8.869999885559082,22676500,0.031395289780581814
592,2023-01-26,9.300000190734863,9.378999710083008,8.619999885559082,9.0,9.0,26298900,0.014656157397765712
593,2023-01-27,8.989999771118164,17.809999465942383,8.90999984741211,12.869999885559082,12.869999885559082,208145200,0.4299999872843425
594,2023-01-30,13.029999732971191,13.079999923706056,11.579999923706056,11.75,11.75,114340300,-0.08702407890584285
595,2023-01-31,11.529999732971191,12.25,11.239999771118164,11.6899995803833,11.6899995803833,50844400,-0.005106418690782877
596,2023-02-01,11.520000457763672,12.140000343322754,11.079999923706056,11.845000267028809,11.845000267028809,42035400,0.013259255107725743
597,2023-02-02,12.199999809265137,13.039999961853027,11.859999656677246,12.06999969482422,12.06999969482422,71458700,0.0189953079546743
598,2023-02-03,11.699999809265137,12.649999618530272,11.4399995803833,11.619999885559082,11.619999885559082,30090800,-0.03728250378151243
599,2023-02-06,11.68000030517578,12.130000114440918,11.600000381469728,11.960000038146973,11.960000038146973,26373700,0.029259910149433965
600,2023-02-07,11.8100004196167,11.880000114440918,11.109999656677246,11.56999969482422,11.56999969482422,29247200,-0.032608724254082566
601,2023-02-08,11.460000038146973,12.149999618530272,11.399999618530272,11.529999732971191,11.529999732971191,21528900,-0.0034572137344932585
602,2023-02-09,11.720000267028809,11.720000267028809,10.199999809265137,10.3100004196167,10.3100004196167,33517900,-0.10581087091145214
603,2023-02-10,10.460000038146973,10.460000038146973,9.739999771118164,10.029999732971191,10.029999732971191,23229200,-0.02715816442769048
604,2023-02-13,9.960000038146973,10.229999542236328,9.635000228881836,10.199999809265137,10.199999809265137,14305200,0.016949160600185476
605,2023-02-14,10.010000228881836,10.4399995803833,9.829999923706056,10.329999923706056,10.329999923706056,17868200,0.012745109497240836
606,2023-02-15,10.279999732971191,11.06999969482422,10.100000381469728,11.010000228881836,11.010000228881836,23199600,0.06582771637928708
607,2023-02-16,11.0,11.267000198364258,10.619999885559082,10.630000114440918,10.630000114440918,22168100,-0.03451408778758136
608,2023-02-17,10.585000038146973,10.949999809265137,10.350000381469728,10.93000030517578,10.93000030517578,15798400,0.028222030809511356
609,2023-02-21,10.739999771118164,10.739999771118164,9.8100004196167,9.899999618530272,9.899999618530272,23461500,-0.09423610776641633
610,2023-02-22,10.039999961853027,10.220000267028809,9.821999549865724,9.979999542236328,9.979999542236328,26981500,0.008080800685720924
611,2023-02-23,8.630000114440918,8.890000343322754,8.100000381469727,8.789999961853027,8.789999961853027,66382600,-0.11923844037738751
612,2023-02-24,8.380000114440918,8.550000190734863,8.170000076293945,8.510000228881836,8.510000228881836,27562600,-0.031854349736784804
613,2023-02-27,8.5,8.850000381469727,8.414999961853027,8.760000228881836,8.760000228881836,17714700,0.029377202500128208
614,2023-02-28,8.71500015258789,9.260000228881836,8.71500015258789,9.130000114440918,9.130000114440918,23496100,0.04223742875476044
615,2023-03-01,8.970000267028809,9.0600004196167,8.350000381469727,8.619999885559082,8.619999885559082,22734900,-0.05585982721677829
616,2023-03-02,8.390000343322754,8.630000114440918,8.130000114440918,8.529999732971191,8.529999732971191,16281100,-0.010440853107047676
617,2023-03-03,8.670000076293945,9.095000267028809,8.630000114440918,8.9399995803833,8.9399995803833,19535300,0.04806563426108079
618,2023-03-06,9.0,9.18000030517578,8.8149995803833,8.819999694824219,8.819999694824219,13876600,-0.013422806620974947
619,2023-03-07,8.699999809265137,8.710000038146973,8.270000457763672,8.3100004196167,8.3100004196167,17533500,-0.0578230490763848
620,2023-03-08,8.239999771118164,8.4399995803833,8.151000022888184,8.34000015258789,8.34000015258789,10208000,0.0036100759875261623
621,2023-03-09,8.25,8.338000297546387,7.96999979019165,8.0,8.0,19967900,-0.04076740364116049
622,2023-03-10,8.015000343322754,8.229999542236328,7.690000057220459,7.869999885559082,7.869999885559082,16763400,-0.016250014305114746
623,2023-03-13,7.579999923706055,7.945000171661377,7.329999923706055,7.840000152587891,7.840000152587891,17990500,-0.003811910216954262
624,2023-03-14,7.920000076293945,8.029999732971191,7.489999771118164,7.539999961853027,7.539999961853027,18241300,-0.03826532970612717
625,2023-03-15,7.349999904632568,7.53000020980835,7.230000019073486,7.400000095367432,7.400000095367432,17736200,-0.018567621643752585
626,2023-03-16,7.369999885559082,7.869999885559082,7.329999923706055,7.829999923706055,7.829999923706055,17161400,0.05810808416175739
627,2023-03-17,7.679999828338623,7.839000225067139,7.369999885559082,7.690000057220459,7.690000057220459,28236500,-0.01787993203700211
628,2023-03-20,7.460000038146973,7.829999923706055,7.28000020980835,7.699999809265137,7.699999809265137,13236000,0.0013003578634942503
629,2023-03-21,7.849999904632568,8.3100004196167,7.804999828338623,8.1899995803833,8.1899995803833,17486400,0.06363633548777026
630,2023-03-22,8.199999809265137,8.3149995803833,7.900000095367432,7.929999828338623,7.929999828338623,15098600,-0.031746003097171016
631,2023-03-23,8.104999542236328,8.295000076293945,8.010000228881836,8.1899995803833,8.1899995803833,12067300,0.032786854687631095
632,2023-03-24,8.020000457763672,8.3100004196167,7.985000133514404,8.1899995803833,8.1899995803833,8224700,0.0
633,2023-03-27,8.300000190734863,8.300000190734863,8.09000015258789,8.140000343322754,8.140000343322754,11530800,-0.0061049132627925
634,2023-03-28,8.109999656677246,8.23900032043457,7.409999847412109,7.550000190734863,7.550000190734863,20200200,-0.0724815881699401
635,2023-03-29,7.650000095367432,7.730000019073486,7.170000076293945,7.699999809265137,7.699999809265137,30158000,0.019867498641171988
636,2023-03-30,7.769999980926514,7.880000114440918,7.599999904632568,7.619999885559082,7.619999885559082,11085700,-0.010389600738664129
637,2023-03-31,7.679999828338623,8.199999809265137,7.565000057220459,8.039999961853027,8.039999961853027,19553600,0.05511812107634029
638,2023-04-03,7.949999809265137,8.057999610900879,7.644999980926514,7.900000095367432,7.900000095367432,12010100,-0.017412918799732058
639,2023-04-04,7.929999828338623,8.0,7.650000095367432,7.900000095367432,7.900000095367432,11125800,0.0
640,2023-04-05,7.78000020980835,7.789999961853027,7.519999980926514,7.699999809265137,7.699999809265137,10999800,-0.025316491606066638
641,2023-04-06,7.630000114440918,7.869999885559082,7.480999946594238,7.699999809265137,7.699999809265137,8154600,0.0
642,2023-04-10,7.599999904632568,8.069999694824219,7.429999828338623,8.029999732971191,8.029999732971191,11520900,0.04285713401044222
643,2023-04-11,8.079999923706055,8.6850004196167,8.0600004196167,8.460000038146973,8.460000038146973,20643700,0.053549230320668606
644,2023-04-12,8.640000343322754,8.869999885559082,8.0600004196167,8.130000114440918,8.130000114440918,14102300,-0.039007083004497956
645,2023-04-13,8.170000076293945,8.380000114440918,8.15999984741211,8.25,8.25,10570600,0.01476013331733328
646,2023-04-14,7.670000076293945,7.764999866485596,7.449999809265137,7.730000019073486,7.730000019073486,30486200,-0.06303030071836524
647,2023-04-17,7.730000019073486,7.965000152587891,7.585000038146973,7.949999809265137,7.949999809265137,13650500,0.02846051612533107
648,2023-04-18,8.020000457763672,8.079999923706055,7.75,7.829999923706055,7.829999923706055,10167400,-0.015094325589697588
649,2023-04-19,7.650000095367432,7.699999809265137,7.480000019073486,7.619999885559082,7.619999885559082,16219500,-0.026819928504874913
650,2023-04-20,7.330999851226807,7.53000020980835,7.031000137329102,7.070000171661377,7.070000171661377,22642300,-0.07217844122806716
651,2023-04-21,7.130000114440918,7.130000114440918,6.860000133514404,7.03000020980835,7.03000020980835,13171900,-0.0056577030950237805
652,2023-04-24,7.039999961853027,7.21999979019165,6.960000038146973,7.0,7.0,10872300,-0.004267455037411327
653,2023-04-25,6.909999847412109,6.960000038146973,6.635000228881836,6.739999771118164,6.739999771118164,17767700,-0.03714288984026226
654,2023-04-26,6.840000152587891,7.840000152587891,6.730000019073486,7.21999979019165,7.21999979019165,33362500,0.07121662245900251
655,2023-04-27,7.340000152587891,8.279999732971191,7.329999923706055,8.170000076293945,8.170000076293945,33947100,0.13157899081837487
656,2023-04-28,7.949999809265137,8.069999694824219,7.749000072479248,7.940000057220459,7.940000057220459,15816400,-0.02815177685748793
657,2023-05-01,7.940000057220459,7.940000057220459,7.289999961853027,7.320000171661377,7.320000171661377,15072500,-0.0780856273414341
658,2023-05-02,7.360000133514404,7.429999828338623,7.099999904632568,7.269999980926514,7.269999980926514,13079600,-0.0068306269893864124
659,2023-05-03,7.269999980926514,7.650000095367432,7.204999923706055,7.409999847412109,7.409999847412109,12392100,0.01925720314345214
660,2023-05-04,7.465000152587891,7.539999961853027,7.255000114440918,7.380000114440918,7.380000114440918,9703700,-0.004048547043043249
661,2023-05-05,7.5,7.820000171661377,7.460000038146973,7.730000019073486,7.730000019073486,16456500,0.047425460596904445
662,2023-05-08,7.75,7.800000190734863,7.260000228881836,7.710000038146973,7.710000038146973,29869400,-0.00258731964775738
663,2023-05-09,6.909999847412109,7.349999904632568,6.849999904632568,7.28000020980835,7.28000020980835,29222500,-0.05577170249171226
664,2023-05-10,7.364999771118164,7.460000038146973,7.150000095367432,7.159999847412109,7.159999847412109,18580400,-0.016483565788166232
665,2023-05-11,7.159999847412109,7.289999961853027,6.949999809265137,7.059999942779541,7.059999942779541,15402300,-0.01396646742509522
666,2023-05-12,7.090000152587891,7.177999973297119,6.889999866485596,7.039999961853027,7.039999961853027,14018100,-0.002832858511134684
667,2023-05-15,7.079999923706055,7.190000057220459,6.952000141143799,7.170000076293945,7.170000076293945,11608800,0.01846592544678094
668,2023-05-16,7.099999904632568,7.179999828338623,6.96999979019165,6.980000019073486,6.980000019073486,11197100,-0.02649931034849684
669,2023-05-17,7.03000020980835,7.239999771118164,6.929999828338623,7.230000019073486,7.230000019073486,12650900,0.03581661881330267
670,2023-05-18,7.170000076293945,7.289999961853027,7.110000133514404,7.289999961853027,7.289999961853027,10090300,0.008298747250519378
671,2023-05-19,7.28000020980835,7.510000228881836,7.130000114440918,7.179999828338623,7.179999828338623,14343700,-0.015089181631002813
672,2023-05-22,7.199999809265137,7.757999897003174,7.070000171661377,7.650000095367432,7.650000095367432,17459600,0.06545964878352395
673,2023-05-23,7.520999908447266,7.940000057220459,7.5,7.550000190734863,7.550000190734863,14970200,-0.013071882795547274
674,2023-05-24,7.460000038146973,7.539999961853027,7.300000190734863,7.489999771118164,7.489999771118164,8218900,-0.007947075245154256
675,2023-05-25,7.460000038146973,7.664999961853027,7.380000114440918,7.610000133514404,7.610000133514404,11171000,0.01602141068935259
676,2023-05-26,7.590000152587891,7.989999771118164,7.519999980926514,7.869999885559082,7.869999885559082,14426600,0.03416553843404557
677,2023-05-30,7.949999809265137,8.095000267028809,7.630000114440918,7.710000038146973,7.710000038146973,13986000,-0.02033034939501055
678,2023-05-31,7.670000076293945,7.809999942779541,7.489999771118164,7.760000228881836,7.760000228881836,32478100,0.006485109012642765
679,2023-06-01,6.78000020980835,6.820000171661377,6.199999809265137,6.5,6.5,161052800,-0.16237115872654984
680,2023-06-02,6.550000190734863,6.610000133514404,6.389999866485596,6.599999904632568,6.599999904632568,52308100,0.015384600712702756
681,2023-06-05,6.590000152587891,6.610000133514404,6.329999923706055,6.590000152587891,6.590000152587891,35903300,-0.0015151139680561476
682,2023-06-06,6.550000190734863,6.909999847412109,6.5329999923706055,6.900000095367432,6.900000095367432,43033000,0.047040961396306535
683,2023-06-07,6.900000095367432,6.925000190734863,6.400000095367432,6.400000095367432,6.400000095367432,46769200,-0.07246376711439373
684,2023-06-08,6.630000114440918,6.699999809265137,6.260000228881836,6.28000020980835,6.28000020980835,50228000,-0.01874998183921006
685,2023-06-09,6.349999904632568,6.400000095367432,6.130000114440918,6.210000038146973,6.210000038146973,35792100,-0.011146523777506911
686,2023-06-12,6.309999942779541,6.519999980926514,6.230000019073486,6.269999980926514,6.269999980926514,38486000,0.009661826475196644
687,2023-06-13,6.369999885559082,6.659999847412109,6.230000019073486,6.550000190734863,6.550000190734863,64473500,0.044657130886780916
688,2023-06-14,6.610000133514404,6.65500020980835,6.340000152587891,6.400000095367432,6.400000095367432,37444400,-0.022900777251825155
689,2023-06-15,6.389999866485596,6.75,6.329999923706055,6.590000152587891,6.590000152587891,41955500,0.02968750849831836
690,2023-06-16,6.610000133514404,6.760000228881836,6.440000057220459,6.480000019073486,6.480000019073486,45045000,-0.01669197738503958
691,2023-06-20,6.53000020980835,6.579999923706055,6.260000228881836,6.320000171661377,6.320000171661377,32733100,-0.024691334404499887
692,2023-06-21,6.300000190734863,6.309999942779541,6.0,6.050000190734863,6.050000190734863,49954100,-0.042721514808999994
693,2023-06-22,6.070000171661377,6.079999923706055,5.71999979019165,5.730000019073486,5.730000019073486,47898100,-0.05289258868973823
694,2023-06-23,5.650000095367432,5.75,5.460000038146973,5.46999979019165,5.46999979019165,61875900,-0.045375257943520375
695,2023-06-26,6.010000228881836,6.28000020980835,5.550000190734863,5.550000190734863,5.550000190734863,108379600,0.01462530230561665
696,2023-06-27,5.789999961853027,6.150000095367432,5.559999942779541,6.099999904632568,6.099999904632568,74181400,0.09909904414343473
697,2023-06-28,6.090000152587891,6.539999961853027,6.03000020980835,6.420000076293945,6.420000076293945,68546400,0.05245904535479684
698,2023-06-29,6.474999904632568,6.940000057220459,6.409999847412109,6.880000114440918,6.880000114440918,72430500,0.07165109543308845
